[
    [
        0,
        null
    ],
    [
        1,
        null
    ],
    [
        2,
        null
    ],
    [
        3,
        null
    ],
    [
        4,
        null
    ],
    [
        5,
        null
    ],
    [
        6,
        null
    ],
    [
        7,
        null
    ],
    [
        8,
        null
    ],
    [
        9,
        null
    ],
    [
        10,
        null
    ],
    [
        11,
        null
    ],
    [
        12,
        null
    ],
    [
        13,
        null
    ],
    [
        14,
        6245
    ],
    [
        15,
        6245
    ],
    [
        16,
        6245
    ],
    [
        17,
        6245
    ],
    [
        18,
        6245
    ],
    [
        19,
        6245
    ],
    [
        20,
        6245
    ],
    [
        21,
        6245
    ],
    [
        22,
        6245
    ],
    [
        23,
        6245
    ],
    [
        24,
        6245
    ],
    [
        25,
        6245
    ],
    [
        26,
        6245
    ],
    [
        27,
        6245
    ],
    [
        28,
        6245
    ],
    [
        29,
        6245
    ],
    [
        30,
        6245
    ],
    [
        31,
        6245
    ],
    [
        32,
        6245
    ],
    [
        33,
        6245
    ],
    [
        34,
        6245
    ],
    [
        35,
        6245
    ],
    [
        36,
        6245
    ],
    [
        37,
        6245
    ],
    [
        38,
        6245
    ],
    [
        39,
        6245
    ],
    [
        40,
        6245
    ],
    [
        41,
        6245
    ],
    [
        42,
        6245
    ],
    [
        43,
        6245
    ],
    [
        44,
        6245
    ],
    [
        45,
        6245
    ],
    [
        46,
        6245
    ],
    [
        47,
        6245
    ],
    [
        48,
        6245
    ],
    [
        49,
        6245
    ],
    [
        50,
        6245
    ],
    [
        51,
        6245
    ],
    [
        52,
        6245
    ],
    [
        53,
        6245
    ],
    [
        54,
        6245
    ],
    [
        55,
        6245
    ],
    [
        56,
        6245
    ],
    [
        57,
        6245
    ],
    [
        58,
        6245
    ],
    [
        59,
        6245
    ],
    [
        60,
        6245
    ],
    [
        61,
        6245
    ],
    [
        62,
        6245
    ],
    [
        63,
        6245
    ],
    [
        64,
        6245
    ],
    [
        65,
        6245
    ],
    [
        66,
        6245
    ],
    [
        67,
        6245
    ],
    [
        68,
        6245
    ],
    [
        69,
        6245
    ],
    [
        70,
        6245
    ],
    [
        71,
        6245
    ],
    [
        72,
        6245
    ],
    [
        73,
        6245
    ],
    [
        74,
        6245
    ],
    [
        75,
        6245
    ],
    [
        76,
        6245
    ],
    [
        77,
        6245
    ],
    [
        78,
        6245
    ],
    [
        79,
        6245
    ],
    [
        80,
        6245
    ],
    [
        81,
        6245
    ],
    [
        82,
        6245
    ],
    [
        83,
        6245
    ],
    [
        84,
        6245
    ],
    [
        85,
        6245
    ],
    [
        86,
        6245
    ],
    [
        87,
        6245
    ],
    [
        88,
        6245
    ],
    [
        89,
        6245
    ],
    [
        90,
        6245
    ],
    [
        91,
        6245
    ],
    [
        92,
        6245
    ],
    [
        93,
        6245
    ],
    [
        94,
        6245
    ],
    [
        95,
        6245
    ],
    [
        96,
        6245
    ],
    [
        97,
        6245
    ],
    [
        98,
        6245
    ],
    [
        99,
        6245
    ],
    [
        100,
        6245
    ],
    [
        101,
        6245
    ],
    [
        102,
        6245
    ],
    [
        103,
        6245
    ],
    [
        104,
        6245
    ],
    [
        105,
        6245
    ],
    [
        106,
        6245
    ],
    [
        107,
        6245
    ],
    [
        108,
        6245
    ],
    [
        109,
        6245
    ],
    [
        110,
        6245
    ],
    [
        111,
        6245
    ],
    [
        112,
        6245
    ],
    [
        113,
        6245
    ],
    [
        114,
        6245
    ],
    [
        115,
        6245
    ],
    [
        116,
        6245
    ],
    [
        117,
        6245
    ],
    [
        118,
        6245
    ],
    [
        119,
        6245
    ],
    [
        120,
        6245
    ],
    [
        121,
        6245
    ],
    [
        122,
        6245
    ],
    [
        123,
        6245
    ],
    [
        124,
        6245
    ],
    [
        125,
        6245
    ],
    [
        126,
        6245
    ],
    [
        127,
        6245
    ],
    [
        128,
        6245
    ],
    [
        129,
        6245
    ],
    [
        130,
        6245
    ],
    [
        131,
        6245
    ],
    [
        132,
        6245
    ],
    [
        133,
        6245
    ],
    [
        134,
        6245
    ],
    [
        135,
        6245
    ],
    [
        136,
        6245
    ],
    [
        137,
        6245
    ],
    [
        138,
        6245
    ],
    [
        139,
        6245
    ],
    [
        140,
        6245
    ],
    [
        141,
        6245
    ],
    [
        142,
        6245
    ],
    [
        143,
        6245
    ],
    [
        144,
        6245
    ],
    [
        145,
        6245
    ],
    [
        146,
        6245
    ],
    [
        147,
        6245
    ],
    [
        148,
        6245
    ],
    [
        149,
        6245
    ],
    [
        150,
        6245
    ],
    [
        151,
        6245
    ],
    [
        152,
        6245
    ],
    [
        153,
        6245
    ],
    [
        154,
        6245
    ],
    [
        155,
        6245
    ],
    [
        156,
        6245
    ],
    [
        157,
        6245
    ],
    [
        158,
        6245
    ],
    [
        159,
        6245
    ],
    [
        160,
        6245
    ],
    [
        161,
        6245
    ],
    [
        162,
        6245
    ],
    [
        163,
        6245
    ],
    [
        164,
        6245
    ],
    [
        165,
        6245
    ],
    [
        166,
        6245
    ],
    [
        167,
        6245
    ],
    [
        168,
        6245
    ],
    [
        169,
        6245
    ],
    [
        170,
        6245
    ],
    [
        171,
        6245
    ],
    [
        172,
        6245
    ],
    [
        173,
        6245
    ],
    [
        174,
        6245
    ],
    [
        175,
        6245
    ],
    [
        176,
        6245
    ],
    [
        177,
        6245
    ],
    [
        178,
        6245
    ],
    [
        179,
        6245
    ],
    [
        180,
        6245
    ],
    [
        181,
        6245
    ],
    [
        182,
        6245
    ],
    [
        183,
        6245
    ],
    [
        184,
        6245
    ],
    [
        185,
        6245
    ],
    [
        186,
        6245
    ],
    [
        187,
        6245
    ],
    [
        188,
        6245
    ],
    [
        189,
        6245
    ],
    [
        190,
        6245
    ],
    [
        191,
        6245
    ],
    [
        192,
        6245
    ],
    [
        193,
        6245
    ],
    [
        194,
        6245
    ],
    [
        195,
        6245
    ],
    [
        196,
        6245
    ],
    [
        197,
        6245
    ],
    [
        198,
        6245
    ],
    [
        199,
        6245
    ],
    [
        200,
        6245
    ],
    [
        201,
        6245
    ],
    [
        202,
        6245
    ],
    [
        203,
        6245
    ],
    [
        204,
        6245
    ],
    [
        205,
        6245
    ],
    [
        206,
        6245
    ],
    [
        207,
        6245
    ],
    [
        208,
        6245
    ],
    [
        209,
        6245
    ],
    [
        210,
        6245
    ],
    [
        211,
        6245
    ],
    [
        212,
        6245
    ],
    [
        213,
        6245
    ],
    [
        214,
        6245
    ],
    [
        215,
        6245
    ],
    [
        216,
        6245
    ],
    [
        217,
        6245
    ],
    [
        218,
        6245
    ],
    [
        219,
        6245
    ],
    [
        220,
        6245
    ],
    [
        221,
        6245
    ],
    [
        222,
        6245
    ],
    [
        223,
        6245
    ],
    [
        224,
        6245
    ],
    [
        225,
        6245
    ],
    [
        226,
        6245
    ],
    [
        227,
        6245
    ],
    [
        228,
        6245
    ],
    [
        229,
        6245
    ],
    [
        230,
        6245
    ],
    [
        231,
        6245
    ],
    [
        232,
        6245
    ],
    [
        233,
        6245
    ],
    [
        234,
        6245
    ],
    [
        235,
        6245
    ],
    [
        236,
        6245
    ],
    [
        237,
        6245
    ],
    [
        238,
        6245
    ],
    [
        239,
        6245
    ],
    [
        240,
        6245
    ],
    [
        241,
        6245
    ],
    [
        242,
        6245
    ],
    [
        243,
        6245
    ],
    [
        244,
        6245
    ],
    [
        245,
        6245
    ],
    [
        246,
        6245
    ],
    [
        247,
        6245
    ],
    [
        248,
        6245
    ],
    [
        249,
        6245
    ],
    [
        250,
        6245
    ],
    [
        251,
        6245
    ],
    [
        252,
        6245
    ],
    [
        253,
        6245
    ],
    [
        254,
        6245
    ],
    [
        255,
        6245
    ],
    [
        256,
        6245
    ],
    [
        257,
        6245
    ],
    [
        258,
        6245
    ],
    [
        259,
        6245
    ],
    [
        260,
        6245
    ],
    [
        261,
        6245
    ],
    [
        262,
        6245
    ],
    [
        263,
        6245
    ],
    [
        264,
        6245
    ],
    [
        265,
        6245
    ],
    [
        266,
        6245
    ],
    [
        267,
        6245
    ],
    [
        268,
        6245
    ],
    [
        269,
        6245
    ],
    [
        270,
        6245
    ],
    [
        271,
        6245
    ],
    [
        272,
        6245
    ],
    [
        273,
        6245
    ],
    [
        274,
        6245
    ],
    [
        275,
        6245
    ],
    [
        276,
        6245
    ],
    [
        277,
        6245
    ],
    [
        278,
        6245
    ],
    [
        279,
        6245
    ],
    [
        280,
        6245
    ],
    [
        281,
        6245
    ],
    [
        282,
        6245
    ],
    [
        283,
        6245
    ],
    [
        284,
        6245
    ],
    [
        285,
        6245
    ],
    [
        286,
        6245
    ],
    [
        287,
        6245
    ],
    [
        288,
        6245
    ],
    [
        289,
        6245
    ],
    [
        290,
        6245
    ],
    [
        291,
        6245
    ],
    [
        292,
        6245
    ],
    [
        293,
        6245
    ],
    [
        294,
        6245
    ],
    [
        295,
        6245
    ],
    [
        296,
        6245
    ],
    [
        297,
        6245
    ],
    [
        298,
        6245
    ],
    [
        299,
        6245
    ],
    [
        300,
        6245
    ],
    [
        301,
        6245
    ],
    [
        302,
        6245
    ],
    [
        303,
        6245
    ],
    [
        304,
        6245
    ],
    [
        305,
        6245
    ],
    [
        306,
        6245
    ],
    [
        307,
        6245
    ],
    [
        308,
        6245
    ],
    [
        309,
        6245
    ],
    [
        310,
        6245
    ],
    [
        311,
        6245
    ],
    [
        312,
        6245
    ],
    [
        313,
        6245
    ],
    [
        314,
        6245
    ],
    [
        315,
        6245
    ],
    [
        316,
        6245
    ],
    [
        317,
        6245
    ],
    [
        318,
        6245
    ],
    [
        319,
        6245
    ],
    [
        320,
        6245
    ],
    [
        321,
        6245
    ],
    [
        322,
        6245
    ],
    [
        323,
        6245
    ],
    [
        324,
        6245
    ],
    [
        325,
        6245
    ],
    [
        326,
        6245
    ],
    [
        327,
        6245
    ],
    [
        328,
        6245
    ],
    [
        329,
        6245
    ],
    [
        330,
        6245
    ],
    [
        331,
        6245
    ],
    [
        332,
        6245
    ],
    [
        333,
        6245
    ],
    [
        334,
        6245
    ],
    [
        335,
        6245
    ],
    [
        336,
        6245
    ],
    [
        337,
        6245
    ],
    [
        338,
        6245
    ],
    [
        339,
        6245
    ],
    [
        340,
        6245
    ],
    [
        341,
        6245
    ],
    [
        342,
        6245
    ],
    [
        343,
        6245
    ],
    [
        344,
        6245
    ],
    [
        345,
        6245
    ],
    [
        346,
        6245
    ],
    [
        347,
        6245
    ],
    [
        348,
        6245
    ],
    [
        349,
        6245
    ],
    [
        350,
        6245
    ],
    [
        351,
        6245
    ],
    [
        352,
        6245
    ],
    [
        353,
        6245
    ],
    [
        354,
        6245
    ],
    [
        355,
        6245
    ],
    [
        356,
        6245
    ],
    [
        357,
        6245
    ],
    [
        358,
        6245
    ],
    [
        359,
        6245
    ],
    [
        360,
        6245
    ],
    [
        361,
        6245
    ],
    [
        362,
        6245
    ],
    [
        363,
        6245
    ],
    [
        364,
        6245
    ],
    [
        365,
        6245
    ],
    [
        366,
        6245
    ],
    [
        367,
        6245
    ],
    [
        368,
        6245
    ],
    [
        369,
        6245
    ],
    [
        370,
        6245
    ],
    [
        371,
        6245
    ],
    [
        372,
        6245
    ],
    [
        373,
        6245
    ],
    [
        374,
        6245
    ],
    [
        375,
        6245
    ],
    [
        376,
        6245
    ],
    [
        377,
        6245
    ],
    [
        378,
        6245
    ],
    [
        379,
        6245
    ],
    [
        380,
        6245
    ],
    [
        381,
        6245
    ],
    [
        382,
        6245
    ],
    [
        383,
        6245
    ],
    [
        384,
        6245
    ],
    [
        385,
        6245
    ],
    [
        386,
        6245
    ],
    [
        387,
        6245
    ],
    [
        388,
        6245
    ],
    [
        389,
        6245
    ],
    [
        390,
        6245
    ],
    [
        391,
        6245
    ],
    [
        392,
        6245
    ],
    [
        393,
        6245
    ],
    [
        394,
        6245
    ],
    [
        395,
        6245
    ],
    [
        396,
        6245
    ],
    [
        397,
        6245
    ],
    [
        398,
        6245
    ],
    [
        399,
        6245
    ],
    [
        400,
        6245
    ],
    [
        401,
        6245
    ],
    [
        402,
        6245
    ],
    [
        403,
        6245
    ],
    [
        404,
        6245
    ],
    [
        405,
        6245
    ],
    [
        406,
        6245
    ],
    [
        407,
        6245
    ],
    [
        408,
        6245
    ],
    [
        409,
        6245
    ],
    [
        410,
        6245
    ],
    [
        411,
        6245
    ],
    [
        412,
        6245
    ],
    [
        413,
        6245
    ],
    [
        414,
        6245
    ],
    [
        415,
        6245
    ],
    [
        416,
        6245
    ],
    [
        417,
        6245
    ],
    [
        418,
        6245
    ],
    [
        419,
        6245
    ],
    [
        420,
        6245
    ],
    [
        421,
        6245
    ],
    [
        422,
        6245
    ],
    [
        423,
        6245
    ],
    [
        424,
        6245
    ],
    [
        425,
        6245
    ],
    [
        426,
        6245
    ],
    [
        427,
        6245
    ],
    [
        428,
        6245
    ],
    [
        429,
        6245
    ],
    [
        430,
        6245
    ],
    [
        431,
        6245
    ],
    [
        432,
        6245
    ],
    [
        433,
        6245
    ],
    [
        434,
        6245
    ],
    [
        435,
        6245
    ],
    [
        436,
        6245
    ],
    [
        437,
        6245
    ],
    [
        438,
        6245
    ],
    [
        439,
        6245
    ],
    [
        440,
        6245
    ],
    [
        441,
        6245
    ],
    [
        442,
        6245
    ],
    [
        443,
        6245
    ],
    [
        444,
        6245
    ],
    [
        445,
        6245
    ],
    [
        446,
        6245
    ],
    [
        447,
        6245
    ],
    [
        448,
        6245
    ],
    [
        449,
        6245
    ],
    [
        450,
        6245
    ],
    [
        451,
        6245
    ],
    [
        452,
        6245
    ],
    [
        453,
        6245
    ],
    [
        454,
        6245
    ],
    [
        455,
        6245
    ],
    [
        456,
        6245
    ],
    [
        457,
        6245
    ],
    [
        458,
        6245
    ],
    [
        459,
        6245
    ],
    [
        460,
        6245
    ],
    [
        461,
        6245
    ],
    [
        462,
        6245
    ],
    [
        463,
        6245
    ],
    [
        464,
        6245
    ],
    [
        465,
        6245
    ],
    [
        466,
        6245
    ],
    [
        467,
        6245
    ],
    [
        468,
        6245
    ],
    [
        469,
        6245
    ],
    [
        470,
        6245
    ],
    [
        471,
        6245
    ],
    [
        472,
        6245
    ],
    [
        473,
        6245
    ],
    [
        474,
        6245
    ],
    [
        475,
        6245
    ],
    [
        476,
        6245
    ],
    [
        477,
        6245
    ],
    [
        478,
        6245
    ],
    [
        479,
        6245
    ],
    [
        480,
        6245
    ],
    [
        481,
        6245
    ],
    [
        482,
        6245
    ],
    [
        483,
        6245
    ],
    [
        484,
        6245
    ],
    [
        485,
        6245
    ],
    [
        486,
        6245
    ],
    [
        487,
        6245
    ],
    [
        488,
        6245
    ],
    [
        489,
        6245
    ],
    [
        490,
        6245
    ],
    [
        491,
        6245
    ],
    [
        492,
        6245
    ],
    [
        493,
        6245
    ],
    [
        494,
        6245
    ],
    [
        495,
        6245
    ],
    [
        496,
        6245
    ],
    [
        497,
        6245
    ],
    [
        498,
        6245
    ],
    [
        499,
        6245
    ],
    [
        500,
        6245
    ],
    [
        501,
        6245
    ],
    [
        502,
        6245
    ],
    [
        503,
        6245
    ],
    [
        504,
        6245
    ],
    [
        505,
        6245
    ],
    [
        506,
        6245
    ],
    [
        507,
        6245
    ],
    [
        508,
        6245
    ],
    [
        509,
        6245
    ],
    [
        510,
        6245
    ],
    [
        511,
        6245
    ],
    [
        512,
        6245
    ],
    [
        513,
        6245
    ],
    [
        514,
        6245
    ],
    [
        515,
        6245
    ],
    [
        516,
        6245
    ],
    [
        517,
        6245
    ],
    [
        518,
        6245
    ],
    [
        519,
        6245
    ],
    [
        520,
        6245
    ],
    [
        521,
        6245
    ],
    [
        522,
        6245
    ],
    [
        523,
        6245
    ],
    [
        524,
        6245
    ],
    [
        525,
        6245
    ],
    [
        526,
        6245
    ],
    [
        527,
        6245
    ],
    [
        528,
        6245
    ],
    [
        529,
        6245
    ],
    [
        530,
        6245
    ],
    [
        531,
        6245
    ],
    [
        532,
        6245
    ],
    [
        533,
        6245
    ],
    [
        534,
        6245
    ],
    [
        535,
        6245
    ],
    [
        536,
        6245
    ],
    [
        537,
        6245
    ],
    [
        538,
        6245
    ],
    [
        539,
        6245
    ],
    [
        540,
        6245
    ],
    [
        541,
        6245
    ],
    [
        542,
        6245
    ],
    [
        543,
        6245
    ],
    [
        544,
        6245
    ],
    [
        545,
        6245
    ],
    [
        546,
        6245
    ],
    [
        547,
        6245
    ],
    [
        548,
        6245
    ],
    [
        549,
        6245
    ],
    [
        550,
        6245
    ],
    [
        551,
        6245
    ],
    [
        552,
        6245
    ],
    [
        553,
        6245
    ],
    [
        554,
        6245
    ],
    [
        555,
        6245
    ],
    [
        556,
        6245
    ],
    [
        557,
        6245
    ],
    [
        558,
        6245
    ],
    [
        559,
        6245
    ],
    [
        560,
        6245
    ],
    [
        561,
        6245
    ],
    [
        562,
        6245
    ],
    [
        563,
        6245
    ],
    [
        564,
        6245
    ],
    [
        565,
        6245
    ],
    [
        566,
        6245
    ],
    [
        567,
        6245
    ],
    [
        568,
        6245
    ],
    [
        569,
        6245
    ],
    [
        570,
        6245
    ],
    [
        571,
        6245
    ],
    [
        572,
        6245
    ],
    [
        573,
        6245
    ],
    [
        574,
        6245
    ],
    [
        575,
        6245
    ],
    [
        576,
        6245
    ],
    [
        577,
        6245
    ],
    [
        578,
        6245
    ],
    [
        579,
        6245
    ],
    [
        580,
        6245
    ],
    [
        581,
        6245
    ],
    [
        582,
        6245
    ],
    [
        583,
        6245
    ],
    [
        584,
        6245
    ],
    [
        585,
        6245
    ],
    [
        586,
        6245
    ],
    [
        587,
        6245
    ],
    [
        588,
        6245
    ],
    [
        589,
        6245
    ],
    [
        590,
        6245
    ],
    [
        591,
        6245
    ],
    [
        592,
        6245
    ],
    [
        593,
        6245
    ],
    [
        594,
        6245
    ],
    [
        595,
        6245
    ],
    [
        596,
        6245
    ],
    [
        597,
        6245
    ],
    [
        598,
        6245
    ],
    [
        599,
        6245
    ],
    [
        600,
        6245
    ],
    [
        601,
        6245
    ],
    [
        602,
        6245
    ],
    [
        603,
        6245
    ],
    [
        604,
        6245
    ],
    [
        605,
        6245
    ],
    [
        606,
        6245
    ],
    [
        607,
        6245
    ],
    [
        608,
        6245
    ],
    [
        609,
        6245
    ],
    [
        610,
        6245
    ],
    [
        611,
        6245
    ],
    [
        612,
        6245
    ],
    [
        613,
        6245
    ],
    [
        614,
        6245
    ],
    [
        615,
        6245
    ],
    [
        616,
        6245
    ],
    [
        617,
        6245
    ],
    [
        618,
        6245
    ],
    [
        619,
        6245
    ],
    [
        620,
        6245
    ],
    [
        621,
        6245
    ],
    [
        622,
        6245
    ],
    [
        623,
        6245
    ],
    [
        624,
        6245
    ],
    [
        625,
        6245
    ],
    [
        626,
        6245
    ],
    [
        627,
        6245
    ],
    [
        628,
        6245
    ],
    [
        629,
        6245
    ],
    [
        630,
        6245
    ],
    [
        631,
        6245
    ],
    [
        632,
        6245
    ],
    [
        633,
        6245
    ],
    [
        634,
        6245
    ],
    [
        635,
        6245
    ],
    [
        636,
        6245
    ],
    [
        637,
        6245
    ],
    [
        638,
        6245
    ],
    [
        639,
        6245
    ],
    [
        640,
        6245
    ],
    [
        641,
        6245
    ],
    [
        642,
        6245
    ],
    [
        643,
        6245
    ],
    [
        644,
        6245
    ],
    [
        645,
        6245
    ],
    [
        646,
        6245
    ],
    [
        647,
        6245
    ],
    [
        648,
        6245
    ],
    [
        649,
        6245
    ],
    [
        650,
        6245
    ],
    [
        651,
        6245
    ],
    [
        652,
        6245
    ],
    [
        653,
        6245
    ],
    [
        654,
        6245
    ],
    [
        655,
        6245
    ],
    [
        656,
        6245
    ],
    [
        657,
        6245
    ],
    [
        658,
        6245
    ],
    [
        659,
        6245
    ],
    [
        660,
        6245
    ],
    [
        661,
        6245
    ],
    [
        662,
        6245
    ],
    [
        663,
        6245
    ],
    [
        664,
        6245
    ],
    [
        665,
        6245
    ],
    [
        666,
        6245
    ],
    [
        667,
        6245
    ],
    [
        668,
        6245
    ],
    [
        669,
        6245
    ],
    [
        670,
        6245
    ],
    [
        671,
        6245
    ],
    [
        672,
        6245
    ],
    [
        673,
        6245
    ],
    [
        674,
        6245
    ],
    [
        675,
        6245
    ],
    [
        676,
        6245
    ],
    [
        677,
        6245
    ],
    [
        678,
        6245
    ],
    [
        679,
        6245
    ],
    [
        680,
        6245
    ],
    [
        681,
        6245
    ],
    [
        682,
        6245
    ],
    [
        683,
        6245
    ],
    [
        684,
        6245
    ],
    [
        685,
        6245
    ],
    [
        686,
        6245
    ],
    [
        687,
        6245
    ],
    [
        688,
        6245
    ],
    [
        689,
        6245
    ],
    [
        690,
        6245
    ],
    [
        691,
        6245
    ],
    [
        692,
        6245
    ],
    [
        693,
        6245
    ],
    [
        694,
        6245
    ],
    [
        695,
        6245
    ],
    [
        696,
        6245
    ],
    [
        697,
        6245
    ],
    [
        698,
        6245
    ],
    [
        699,
        6245
    ],
    [
        700,
        6245
    ],
    [
        701,
        6245
    ],
    [
        702,
        6245
    ],
    [
        703,
        6245
    ],
    [
        704,
        6245
    ],
    [
        705,
        6245
    ],
    [
        706,
        6245
    ],
    [
        707,
        6245
    ],
    [
        708,
        6245
    ],
    [
        709,
        6245
    ],
    [
        710,
        6245
    ],
    [
        711,
        6245
    ],
    [
        712,
        6245
    ],
    [
        713,
        6245
    ],
    [
        714,
        6245
    ],
    [
        715,
        6245
    ],
    [
        716,
        6245
    ],
    [
        717,
        6245
    ],
    [
        718,
        6245
    ],
    [
        719,
        6245
    ],
    [
        720,
        6245
    ],
    [
        721,
        6245
    ],
    [
        722,
        6245
    ],
    [
        723,
        6245
    ],
    [
        724,
        6245
    ],
    [
        725,
        6245
    ],
    [
        726,
        6245
    ],
    [
        727,
        6245
    ],
    [
        728,
        6245
    ],
    [
        729,
        6245
    ],
    [
        730,
        6245
    ],
    [
        731,
        6245
    ],
    [
        732,
        6245
    ],
    [
        733,
        6245
    ],
    [
        734,
        6245
    ],
    [
        735,
        6245
    ],
    [
        736,
        6245
    ],
    [
        737,
        6245
    ],
    [
        738,
        6245
    ],
    [
        739,
        6245
    ],
    [
        740,
        6245
    ],
    [
        741,
        6245
    ],
    [
        742,
        6245
    ],
    [
        743,
        6245
    ],
    [
        744,
        6245
    ],
    [
        745,
        6245
    ],
    [
        746,
        6245
    ],
    [
        747,
        6245
    ],
    [
        748,
        6245
    ],
    [
        749,
        6245
    ],
    [
        750,
        6245
    ],
    [
        751,
        6245
    ],
    [
        752,
        6245
    ],
    [
        753,
        6245
    ],
    [
        754,
        6245
    ],
    [
        755,
        6245
    ],
    [
        756,
        6245
    ],
    [
        757,
        6245
    ],
    [
        758,
        6245
    ],
    [
        759,
        6245
    ],
    [
        760,
        6245
    ],
    [
        761,
        6245
    ],
    [
        762,
        6245
    ],
    [
        763,
        6245
    ],
    [
        764,
        6245
    ],
    [
        765,
        6245
    ],
    [
        766,
        6245
    ],
    [
        767,
        6245
    ],
    [
        768,
        6245
    ],
    [
        769,
        6245
    ],
    [
        770,
        6245
    ],
    [
        771,
        6245
    ],
    [
        772,
        6245
    ],
    [
        773,
        6245
    ],
    [
        774,
        6245
    ],
    [
        775,
        6245
    ],
    [
        776,
        6245
    ],
    [
        777,
        6245
    ],
    [
        778,
        6245
    ],
    [
        779,
        6245
    ],
    [
        780,
        6245
    ],
    [
        781,
        6245
    ],
    [
        782,
        6245
    ],
    [
        783,
        6245
    ],
    [
        784,
        6245
    ],
    [
        785,
        6245
    ],
    [
        786,
        6245
    ],
    [
        787,
        6245
    ],
    [
        788,
        6245
    ],
    [
        789,
        6245
    ],
    [
        790,
        6245
    ],
    [
        791,
        6245
    ],
    [
        792,
        6245
    ],
    [
        793,
        6245
    ],
    [
        794,
        6245
    ],
    [
        795,
        6245
    ],
    [
        796,
        6245
    ],
    [
        797,
        6245
    ],
    [
        798,
        6245
    ],
    [
        799,
        6245
    ],
    [
        800,
        6245
    ],
    [
        801,
        6245
    ],
    [
        802,
        6245
    ],
    [
        803,
        6245
    ],
    [
        804,
        6245
    ],
    [
        805,
        6245
    ],
    [
        806,
        6245
    ],
    [
        807,
        6245
    ],
    [
        808,
        6245
    ],
    [
        809,
        6245
    ],
    [
        810,
        6245
    ],
    [
        811,
        6245
    ],
    [
        812,
        6245
    ],
    [
        813,
        6245
    ],
    [
        814,
        6245
    ],
    [
        815,
        6245
    ],
    [
        816,
        6245
    ],
    [
        817,
        6245
    ],
    [
        818,
        6245
    ],
    [
        819,
        6245
    ],
    [
        820,
        6245
    ],
    [
        821,
        6245
    ],
    [
        822,
        6245
    ],
    [
        823,
        6245
    ],
    [
        824,
        6245
    ],
    [
        825,
        6245
    ],
    [
        826,
        6245
    ],
    [
        827,
        6245
    ],
    [
        828,
        6245
    ],
    [
        829,
        6245
    ],
    [
        830,
        6245
    ],
    [
        831,
        6245
    ],
    [
        832,
        6245
    ],
    [
        833,
        6245
    ],
    [
        834,
        6245
    ],
    [
        835,
        6245
    ],
    [
        836,
        6245
    ],
    [
        837,
        6245
    ],
    [
        838,
        6245
    ],
    [
        839,
        6245
    ],
    [
        840,
        6245
    ],
    [
        841,
        6245
    ],
    [
        842,
        6245
    ],
    [
        843,
        6245
    ],
    [
        844,
        6245
    ],
    [
        845,
        6245
    ],
    [
        846,
        6245
    ],
    [
        847,
        6245
    ],
    [
        848,
        6245
    ],
    [
        849,
        6245
    ],
    [
        850,
        6245
    ],
    [
        851,
        6245
    ],
    [
        852,
        6245
    ],
    [
        853,
        6245
    ],
    [
        854,
        6245
    ],
    [
        855,
        6245
    ],
    [
        856,
        6245
    ],
    [
        857,
        6245
    ],
    [
        858,
        6245
    ],
    [
        859,
        6245
    ],
    [
        860,
        6245
    ],
    [
        861,
        6245
    ],
    [
        862,
        6245
    ],
    [
        863,
        6245
    ],
    [
        864,
        6245
    ],
    [
        865,
        6245
    ],
    [
        866,
        6245
    ],
    [
        867,
        6245
    ],
    [
        868,
        6245
    ],
    [
        869,
        6245
    ],
    [
        870,
        6245
    ],
    [
        871,
        6245
    ],
    [
        872,
        6245
    ],
    [
        873,
        6245
    ],
    [
        874,
        6245
    ],
    [
        875,
        6245
    ],
    [
        876,
        6245
    ],
    [
        877,
        6245
    ],
    [
        878,
        6245
    ],
    [
        879,
        6245
    ],
    [
        880,
        6245
    ],
    [
        881,
        6245
    ],
    [
        882,
        6245
    ],
    [
        883,
        6245
    ],
    [
        884,
        6245
    ],
    [
        885,
        6245
    ],
    [
        886,
        6245
    ],
    [
        887,
        6245
    ],
    [
        888,
        6245
    ],
    [
        889,
        6245
    ],
    [
        890,
        6245
    ],
    [
        891,
        6245
    ],
    [
        892,
        6245
    ],
    [
        893,
        6245
    ],
    [
        894,
        6245
    ],
    [
        895,
        6245
    ],
    [
        896,
        6245
    ],
    [
        897,
        6245
    ],
    [
        898,
        6245
    ],
    [
        899,
        6245
    ],
    [
        900,
        6245
    ],
    [
        901,
        6245
    ],
    [
        902,
        6245
    ],
    [
        903,
        6245
    ],
    [
        904,
        6245
    ],
    [
        905,
        6245
    ],
    [
        906,
        6245
    ],
    [
        907,
        6245
    ],
    [
        908,
        6245
    ],
    [
        909,
        6245
    ],
    [
        910,
        6245
    ],
    [
        911,
        6245
    ],
    [
        912,
        6245
    ],
    [
        913,
        6245
    ],
    [
        914,
        6245
    ],
    [
        915,
        6245
    ],
    [
        916,
        6245
    ],
    [
        917,
        6245
    ],
    [
        918,
        6245
    ],
    [
        919,
        6245
    ],
    [
        920,
        6245
    ],
    [
        921,
        6245
    ],
    [
        922,
        6245
    ],
    [
        923,
        6245
    ],
    [
        924,
        6245
    ],
    [
        925,
        6245
    ],
    [
        926,
        6245
    ],
    [
        927,
        6245
    ],
    [
        928,
        6245
    ],
    [
        929,
        6245
    ],
    [
        930,
        6245
    ],
    [
        931,
        6245
    ],
    [
        932,
        6245
    ],
    [
        933,
        6245
    ],
    [
        934,
        6245
    ],
    [
        935,
        6245
    ],
    [
        936,
        6245
    ],
    [
        937,
        6245
    ],
    [
        938,
        6245
    ],
    [
        939,
        6245
    ],
    [
        940,
        6245
    ],
    [
        941,
        6245
    ],
    [
        942,
        6245
    ],
    [
        943,
        6245
    ],
    [
        944,
        6245
    ],
    [
        945,
        6245
    ],
    [
        946,
        6245
    ],
    [
        947,
        6245
    ],
    [
        948,
        6245
    ],
    [
        949,
        6245
    ],
    [
        950,
        6245
    ],
    [
        951,
        6245
    ],
    [
        952,
        6245
    ],
    [
        953,
        6245
    ],
    [
        954,
        6245
    ],
    [
        955,
        6245
    ],
    [
        956,
        6245
    ],
    [
        957,
        6245
    ],
    [
        958,
        6245
    ],
    [
        959,
        6245
    ],
    [
        960,
        6245
    ],
    [
        961,
        6245
    ],
    [
        962,
        6245
    ],
    [
        963,
        6245
    ],
    [
        964,
        6245
    ],
    [
        965,
        6245
    ],
    [
        966,
        6245
    ],
    [
        967,
        6245
    ],
    [
        968,
        6245
    ],
    [
        969,
        6245
    ],
    [
        970,
        6245
    ],
    [
        971,
        6245
    ],
    [
        972,
        6245
    ],
    [
        973,
        6245
    ],
    [
        974,
        6245
    ],
    [
        975,
        6245
    ],
    [
        976,
        6245
    ],
    [
        977,
        6245
    ],
    [
        978,
        6245
    ],
    [
        979,
        6245
    ],
    [
        980,
        6245
    ],
    [
        981,
        6245
    ],
    [
        982,
        6245
    ],
    [
        983,
        6245
    ],
    [
        984,
        6245
    ],
    [
        985,
        6245
    ],
    [
        986,
        6245
    ],
    [
        987,
        6245
    ],
    [
        988,
        6245
    ],
    [
        989,
        6245
    ],
    [
        990,
        6245
    ],
    [
        991,
        6245
    ],
    [
        992,
        6245
    ],
    [
        993,
        6245
    ],
    [
        994,
        6245
    ],
    [
        995,
        6245
    ],
    [
        996,
        6245
    ],
    [
        997,
        6245
    ],
    [
        998,
        6245
    ],
    [
        999,
        6245
    ],
    [
        1000,
        6245
    ],
    [
        1001,
        6245
    ],
    [
        1002,
        6245
    ],
    [
        1003,
        6245
    ],
    [
        1004,
        6245
    ],
    [
        1005,
        6245
    ],
    [
        1006,
        6245
    ],
    [
        1007,
        6245
    ],
    [
        1008,
        6245
    ],
    [
        1009,
        6245
    ],
    [
        1010,
        6245
    ],
    [
        1011,
        6245
    ],
    [
        1012,
        6245
    ],
    [
        1013,
        6245
    ],
    [
        1014,
        6245
    ],
    [
        1015,
        6245
    ],
    [
        1016,
        6245
    ],
    [
        1017,
        6245
    ],
    [
        1018,
        6245
    ],
    [
        1019,
        6245
    ],
    [
        1020,
        6245
    ],
    [
        1021,
        6245
    ],
    [
        1022,
        6245
    ],
    [
        1023,
        6245
    ],
    [
        1024,
        6245
    ],
    [
        1025,
        6245
    ],
    [
        1026,
        6245
    ],
    [
        1027,
        6245
    ],
    [
        1028,
        6245
    ],
    [
        1029,
        6245
    ],
    [
        1030,
        6245
    ],
    [
        1031,
        6245
    ],
    [
        1032,
        6245
    ],
    [
        1033,
        6245
    ],
    [
        1034,
        6245
    ],
    [
        1035,
        6245
    ],
    [
        1036,
        6245
    ],
    [
        1037,
        6245
    ],
    [
        1038,
        6245
    ],
    [
        1039,
        6245
    ],
    [
        1040,
        6245
    ],
    [
        1041,
        6245
    ],
    [
        1042,
        6245
    ],
    [
        1043,
        6245
    ],
    [
        1044,
        6245
    ],
    [
        1045,
        6245
    ],
    [
        1046,
        6245
    ],
    [
        1047,
        6245
    ],
    [
        1048,
        6245
    ],
    [
        1049,
        6245
    ],
    [
        1050,
        6245
    ],
    [
        1051,
        6245
    ],
    [
        1052,
        6245
    ],
    [
        1053,
        6245
    ],
    [
        1054,
        6245
    ],
    [
        1055,
        6245
    ],
    [
        1056,
        6245
    ],
    [
        1057,
        6245
    ],
    [
        1058,
        6245
    ],
    [
        1059,
        6245
    ],
    [
        1060,
        6245
    ],
    [
        1061,
        6245
    ],
    [
        1062,
        6245
    ],
    [
        1063,
        6245
    ],
    [
        1064,
        6245
    ],
    [
        1065,
        6245
    ],
    [
        1066,
        6245
    ],
    [
        1067,
        6245
    ],
    [
        1068,
        6245
    ],
    [
        1069,
        6245
    ],
    [
        1070,
        6245
    ],
    [
        1071,
        6245
    ],
    [
        1072,
        6245
    ],
    [
        1073,
        6245
    ],
    [
        1074,
        6245
    ],
    [
        1075,
        6245
    ],
    [
        1076,
        6245
    ],
    [
        1077,
        6245
    ],
    [
        1078,
        6245
    ],
    [
        1079,
        6245
    ],
    [
        1080,
        6245
    ],
    [
        1081,
        6245
    ],
    [
        1082,
        6245
    ],
    [
        1083,
        6245
    ],
    [
        1084,
        6245
    ],
    [
        1085,
        6245
    ],
    [
        1086,
        6245
    ],
    [
        1087,
        6245
    ],
    [
        1088,
        6245
    ],
    [
        1089,
        6245
    ],
    [
        1090,
        6245
    ],
    [
        1091,
        6245
    ],
    [
        1092,
        6245
    ],
    [
        1093,
        6245
    ],
    [
        1094,
        6245
    ],
    [
        1095,
        6245
    ],
    [
        1096,
        6245
    ],
    [
        1097,
        6245
    ],
    [
        1098,
        6245
    ],
    [
        1099,
        6245
    ],
    [
        1100,
        6245
    ],
    [
        1101,
        6245
    ],
    [
        1102,
        6245
    ],
    [
        1103,
        6245
    ],
    [
        1104,
        6245
    ],
    [
        1105,
        6245
    ],
    [
        1106,
        6245
    ],
    [
        1107,
        6245
    ],
    [
        1108,
        6245
    ],
    [
        1109,
        6245
    ],
    [
        1110,
        6245
    ],
    [
        1111,
        6245
    ],
    [
        1112,
        6245
    ],
    [
        1113,
        6245
    ],
    [
        1114,
        6245
    ],
    [
        1115,
        6245
    ],
    [
        1116,
        6245
    ],
    [
        1117,
        6245
    ],
    [
        1118,
        6245
    ],
    [
        1119,
        6245
    ],
    [
        1120,
        6245
    ],
    [
        1121,
        6245
    ],
    [
        1122,
        6245
    ],
    [
        1123,
        6245
    ],
    [
        1124,
        6245
    ],
    [
        1125,
        6245
    ],
    [
        1126,
        6245
    ],
    [
        1127,
        6245
    ],
    [
        1128,
        6245
    ],
    [
        1129,
        6245
    ],
    [
        1130,
        6245
    ],
    [
        1131,
        6245
    ],
    [
        1132,
        6245
    ],
    [
        1133,
        6245
    ],
    [
        1134,
        6245
    ],
    [
        1135,
        6245
    ],
    [
        1136,
        6245
    ],
    [
        1137,
        6245
    ],
    [
        1138,
        6245
    ],
    [
        1139,
        6245
    ],
    [
        1140,
        6245
    ],
    [
        1141,
        6245
    ],
    [
        1142,
        6245
    ],
    [
        1143,
        6245
    ],
    [
        1144,
        6245
    ],
    [
        1145,
        6245
    ],
    [
        1146,
        6245
    ],
    [
        1147,
        6245
    ],
    [
        1148,
        6245
    ],
    [
        1149,
        6245
    ],
    [
        1150,
        6245
    ],
    [
        1151,
        6245
    ],
    [
        1152,
        6245
    ],
    [
        1153,
        6245
    ],
    [
        1154,
        6245
    ],
    [
        1155,
        6245
    ],
    [
        1156,
        6245
    ],
    [
        1157,
        6245
    ],
    [
        1158,
        6245
    ],
    [
        1159,
        6245
    ],
    [
        1160,
        6245
    ],
    [
        1161,
        6245
    ],
    [
        1162,
        6245
    ],
    [
        1163,
        6245
    ],
    [
        1164,
        6245
    ],
    [
        1165,
        6245
    ],
    [
        1166,
        6245
    ],
    [
        1167,
        6245
    ],
    [
        1168,
        6245
    ],
    [
        1169,
        6245
    ],
    [
        1170,
        6245
    ],
    [
        1171,
        6245
    ],
    [
        1172,
        6245
    ],
    [
        1173,
        6245
    ],
    [
        1174,
        6245
    ],
    [
        1175,
        6245
    ],
    [
        1176,
        6245
    ],
    [
        1177,
        6245
    ],
    [
        1178,
        6245
    ],
    [
        1179,
        6245
    ],
    [
        1180,
        6245
    ],
    [
        1181,
        6245
    ],
    [
        1182,
        6245
    ],
    [
        1183,
        6245
    ],
    [
        1184,
        6245
    ],
    [
        1185,
        6245
    ],
    [
        1186,
        6245
    ],
    [
        1187,
        6245
    ],
    [
        1188,
        6245
    ],
    [
        1189,
        6245
    ],
    [
        1190,
        6245
    ],
    [
        1191,
        6245
    ],
    [
        1192,
        6245
    ],
    [
        1193,
        6245
    ],
    [
        1194,
        6245
    ],
    [
        1195,
        6245
    ],
    [
        1196,
        6245
    ],
    [
        1197,
        6245
    ],
    [
        1198,
        6245
    ],
    [
        1199,
        6245
    ],
    [
        1200,
        6245
    ],
    [
        1201,
        6245
    ],
    [
        1202,
        6245
    ],
    [
        1203,
        6245
    ],
    [
        1204,
        6245
    ],
    [
        1205,
        6245
    ],
    [
        1206,
        6245
    ],
    [
        1207,
        6245
    ],
    [
        1208,
        6245
    ],
    [
        1209,
        6245
    ],
    [
        1210,
        6245
    ],
    [
        1211,
        6245
    ],
    [
        1212,
        6245
    ],
    [
        1213,
        6245
    ],
    [
        1214,
        6245
    ],
    [
        1215,
        6245
    ],
    [
        1216,
        6245
    ],
    [
        1217,
        6245
    ],
    [
        1218,
        6245
    ],
    [
        1219,
        6245
    ],
    [
        1220,
        6245
    ],
    [
        1221,
        6245
    ],
    [
        1222,
        6245
    ],
    [
        1223,
        6245
    ],
    [
        1224,
        6245
    ],
    [
        1225,
        6245
    ],
    [
        1226,
        6245
    ],
    [
        1227,
        6245
    ],
    [
        1228,
        6245
    ],
    [
        1229,
        6245
    ],
    [
        1230,
        6245
    ],
    [
        1231,
        6245
    ],
    [
        1232,
        6245
    ],
    [
        1233,
        6245
    ],
    [
        1234,
        6245
    ],
    [
        1235,
        6245
    ],
    [
        1236,
        6245
    ],
    [
        1237,
        6245
    ],
    [
        1238,
        6228
    ],
    [
        1239,
        6228
    ],
    [
        1240,
        6228
    ],
    [
        1241,
        6228
    ],
    [
        1242,
        6228
    ],
    [
        1243,
        6228
    ],
    [
        1244,
        6228
    ],
    [
        1245,
        6228
    ],
    [
        1246,
        6228
    ],
    [
        1247,
        6228
    ],
    [
        1248,
        6228
    ],
    [
        1249,
        6228
    ],
    [
        1250,
        6141
    ],
    [
        1251,
        6141
    ],
    [
        1252,
        6141
    ],
    [
        1253,
        6141
    ],
    [
        1254,
        6141
    ],
    [
        1255,
        6141
    ],
    [
        1256,
        6141
    ],
    [
        1257,
        6141
    ],
    [
        1258,
        6141
    ],
    [
        1259,
        6141
    ],
    [
        1260,
        6091
    ],
    [
        1261,
        6091
    ],
    [
        1262,
        6091
    ],
    [
        1263,
        6091
    ],
    [
        1264,
        6091
    ],
    [
        1265,
        6091
    ],
    [
        1266,
        6091
    ],
    [
        1267,
        6091
    ],
    [
        1268,
        6091
    ],
    [
        1269,
        6091
    ],
    [
        1270,
        6036
    ],
    [
        1271,
        6036
    ],
    [
        1272,
        6036
    ],
    [
        1273,
        6036
    ],
    [
        1274,
        6036
    ],
    [
        1275,
        6036
    ],
    [
        1276,
        6036
    ],
    [
        1277,
        6036
    ],
    [
        1278,
        6036
    ],
    [
        1279,
        6036
    ],
    [
        1280,
        6014
    ],
    [
        1281,
        6014
    ],
    [
        1282,
        6014
    ],
    [
        1283,
        6014
    ],
    [
        1284,
        6014
    ],
    [
        1285,
        6014
    ],
    [
        1286,
        6014
    ],
    [
        1287,
        6014
    ],
    [
        1288,
        6014
    ],
    [
        1289,
        6014
    ],
    [
        1290,
        6008
    ],
    [
        1291,
        6008
    ],
    [
        1292,
        6008
    ],
    [
        1293,
        6008
    ],
    [
        1294,
        6008
    ],
    [
        1295,
        6008
    ],
    [
        1296,
        6008
    ],
    [
        1297,
        6008
    ],
    [
        1298,
        6008
    ],
    [
        1299,
        6008
    ],
    [
        1300,
        5981
    ],
    [
        1301,
        5981
    ],
    [
        1302,
        5981
    ],
    [
        1303,
        5981
    ],
    [
        1304,
        5981
    ],
    [
        1305,
        5981
    ],
    [
        1306,
        5981
    ],
    [
        1307,
        5981
    ],
    [
        1308,
        5981
    ],
    [
        1309,
        5981
    ],
    [
        1310,
        5974
    ],
    [
        1311,
        5974
    ],
    [
        1312,
        5974
    ],
    [
        1313,
        5974
    ],
    [
        1314,
        5974
    ],
    [
        1315,
        5974
    ],
    [
        1316,
        5974
    ],
    [
        1317,
        5974
    ],
    [
        1318,
        5974
    ],
    [
        1319,
        5974
    ],
    [
        1320,
        5913
    ],
    [
        1321,
        5913
    ],
    [
        1322,
        5913
    ],
    [
        1323,
        5913
    ],
    [
        1324,
        5913
    ],
    [
        1325,
        5913
    ],
    [
        1326,
        5913
    ],
    [
        1327,
        5913
    ],
    [
        1328,
        5913
    ],
    [
        1329,
        5913
    ],
    [
        1330,
        5821
    ],
    [
        1331,
        5821
    ],
    [
        1332,
        5821
    ],
    [
        1333,
        5821
    ],
    [
        1334,
        5821
    ],
    [
        1335,
        5821
    ],
    [
        1336,
        5821
    ],
    [
        1337,
        5821
    ],
    [
        1338,
        5821
    ],
    [
        1339,
        5821
    ],
    [
        1340,
        5712
    ],
    [
        1341,
        5712
    ],
    [
        1342,
        5712
    ],
    [
        1343,
        5712
    ],
    [
        1344,
        5712
    ],
    [
        1345,
        5712
    ],
    [
        1346,
        5712
    ],
    [
        1347,
        5712
    ],
    [
        1348,
        5712
    ],
    [
        1349,
        5712
    ],
    [
        1350,
        5634
    ],
    [
        1351,
        5634
    ],
    [
        1352,
        5634
    ],
    [
        1353,
        5634
    ],
    [
        1354,
        5634
    ],
    [
        1355,
        5634
    ],
    [
        1356,
        5634
    ],
    [
        1357,
        5634
    ],
    [
        1358,
        5634
    ],
    [
        1359,
        5634
    ],
    [
        1360,
        5581
    ],
    [
        1361,
        5581
    ],
    [
        1362,
        5581
    ],
    [
        1363,
        5581
    ],
    [
        1364,
        5581
    ],
    [
        1365,
        5581
    ],
    [
        1366,
        5581
    ],
    [
        1367,
        5581
    ],
    [
        1368,
        5581
    ],
    [
        1369,
        5581
    ],
    [
        1370,
        5542
    ],
    [
        1371,
        5542
    ],
    [
        1372,
        5542
    ],
    [
        1373,
        5542
    ],
    [
        1374,
        5542
    ],
    [
        1375,
        5542
    ],
    [
        1376,
        5542
    ],
    [
        1377,
        5542
    ],
    [
        1378,
        5542
    ],
    [
        1379,
        5542
    ],
    [
        1380,
        5506
    ],
    [
        1381,
        5506
    ],
    [
        1382,
        5506
    ],
    [
        1383,
        5506
    ],
    [
        1384,
        5506
    ],
    [
        1385,
        5506
    ],
    [
        1386,
        5506
    ],
    [
        1387,
        5506
    ],
    [
        1388,
        5506
    ],
    [
        1389,
        5506
    ],
    [
        1390,
        5497
    ],
    [
        1391,
        5497
    ],
    [
        1392,
        5497
    ],
    [
        1393,
        5497
    ],
    [
        1394,
        5497
    ],
    [
        1395,
        5497
    ],
    [
        1396,
        5497
    ],
    [
        1397,
        5497
    ],
    [
        1398,
        5497
    ],
    [
        1399,
        5497
    ],
    [
        1400,
        5497
    ],
    [
        1401,
        5469
    ],
    [
        1402,
        5469
    ],
    [
        1403,
        5469
    ],
    [
        1404,
        5469
    ],
    [
        1405,
        5469
    ],
    [
        1406,
        5469
    ],
    [
        1407,
        5469
    ],
    [
        1408,
        5469
    ],
    [
        1409,
        5469
    ],
    [
        1410,
        5437
    ],
    [
        1411,
        5437
    ],
    [
        1412,
        5437
    ],
    [
        1413,
        5437
    ],
    [
        1414,
        5437
    ],
    [
        1415,
        5437
    ],
    [
        1416,
        5437
    ],
    [
        1417,
        5437
    ],
    [
        1418,
        5437
    ],
    [
        1419,
        5437
    ],
    [
        1420,
        5412
    ],
    [
        1421,
        5412
    ],
    [
        1422,
        5412
    ],
    [
        1423,
        5412
    ],
    [
        1424,
        5412
    ],
    [
        1425,
        5412
    ],
    [
        1426,
        5412
    ],
    [
        1427,
        5412
    ],
    [
        1428,
        5412
    ],
    [
        1429,
        5412
    ],
    [
        1430,
        5397
    ],
    [
        1431,
        5397
    ],
    [
        1432,
        5397
    ],
    [
        1433,
        5397
    ],
    [
        1434,
        5397
    ],
    [
        1435,
        5397
    ],
    [
        1436,
        5397
    ],
    [
        1437,
        5397
    ],
    [
        1438,
        5397
    ],
    [
        1439,
        5397
    ],
    [
        1440,
        5393
    ],
    [
        1441,
        5393
    ],
    [
        1442,
        5393
    ],
    [
        1443,
        5393
    ],
    [
        1444,
        5393
    ],
    [
        1445,
        5393
    ],
    [
        1446,
        5393
    ],
    [
        1447,
        5393
    ],
    [
        1448,
        5393
    ],
    [
        1449,
        5393
    ],
    [
        1450,
        5393
    ],
    [
        1451,
        5393
    ],
    [
        1452,
        5393
    ],
    [
        1453,
        5393
    ],
    [
        1454,
        5393
    ],
    [
        1455,
        5393
    ],
    [
        1456,
        5393
    ],
    [
        1457,
        5393
    ],
    [
        1458,
        5393
    ],
    [
        1459,
        5367
    ],
    [
        1460,
        5367
    ],
    [
        1461,
        5367
    ],
    [
        1462,
        5367
    ],
    [
        1463,
        5367
    ],
    [
        1464,
        5367
    ],
    [
        1465,
        5367
    ],
    [
        1466,
        5367
    ],
    [
        1467,
        5367
    ],
    [
        1468,
        5367
    ],
    [
        1469,
        5360
    ],
    [
        1470,
        5360
    ],
    [
        1471,
        5360
    ],
    [
        1472,
        5360
    ],
    [
        1473,
        5360
    ],
    [
        1474,
        5360
    ],
    [
        1475,
        5360
    ],
    [
        1476,
        5360
    ],
    [
        1477,
        5360
    ],
    [
        1478,
        5360
    ],
    [
        1479,
        5359
    ],
    [
        1480,
        5359
    ],
    [
        1481,
        5359
    ],
    [
        1482,
        5359
    ],
    [
        1483,
        5359
    ],
    [
        1484,
        5359
    ],
    [
        1485,
        5359
    ],
    [
        1486,
        5359
    ],
    [
        1487,
        5359
    ],
    [
        1488,
        5359
    ],
    [
        1489,
        5359
    ],
    [
        1490,
        5418
    ],
    [
        1491,
        5418
    ],
    [
        1492,
        5418
    ],
    [
        1493,
        5418
    ],
    [
        1494,
        5418
    ],
    [
        1495,
        5418
    ],
    [
        1496,
        5418
    ],
    [
        1497,
        5418
    ],
    [
        1498,
        5418
    ],
    [
        1499,
        5492
    ],
    [
        1500,
        5492
    ],
    [
        1501,
        5492
    ],
    [
        1502,
        5492
    ],
    [
        1503,
        5492
    ],
    [
        1504,
        5492
    ],
    [
        1505,
        5492
    ],
    [
        1506,
        5492
    ],
    [
        1507,
        5492
    ],
    [
        1508,
        5492
    ],
    [
        1509,
        5562
    ],
    [
        1510,
        5562
    ],
    [
        1511,
        5562
    ],
    [
        1512,
        5562
    ],
    [
        1513,
        5562
    ],
    [
        1514,
        5562
    ],
    [
        1515,
        5562
    ],
    [
        1516,
        5562
    ],
    [
        1517,
        5562
    ],
    [
        1518,
        5562
    ],
    [
        1519,
        5631
    ],
    [
        1520,
        5631
    ],
    [
        1521,
        5631
    ],
    [
        1522,
        5631
    ],
    [
        1523,
        5631
    ],
    [
        1524,
        5631
    ],
    [
        1525,
        5631
    ],
    [
        1526,
        5631
    ],
    [
        1527,
        5631
    ],
    [
        1528,
        5631
    ],
    [
        1529,
        5682
    ],
    [
        1530,
        5682
    ],
    [
        1531,
        5682
    ],
    [
        1532,
        5682
    ],
    [
        1533,
        5682
    ],
    [
        1534,
        5682
    ],
    [
        1535,
        5682
    ],
    [
        1536,
        5682
    ],
    [
        1537,
        5682
    ],
    [
        1538,
        5682
    ],
    [
        1539,
        5720
    ],
    [
        1540,
        5720
    ],
    [
        1541,
        5720
    ],
    [
        1542,
        5720
    ],
    [
        1543,
        5720
    ],
    [
        1544,
        5720
    ],
    [
        1545,
        5720
    ],
    [
        1546,
        5720
    ],
    [
        1547,
        5720
    ],
    [
        1548,
        5720
    ],
    [
        1549,
        5755
    ],
    [
        1550,
        5755
    ],
    [
        1551,
        5755
    ],
    [
        1552,
        5755
    ],
    [
        1553,
        5755
    ],
    [
        1554,
        5755
    ],
    [
        1555,
        5755
    ],
    [
        1556,
        5755
    ],
    [
        1557,
        5755
    ],
    [
        1558,
        5755
    ],
    [
        1559,
        5764
    ],
    [
        1560,
        5764
    ],
    [
        1561,
        5764
    ],
    [
        1562,
        5764
    ],
    [
        1563,
        5764
    ],
    [
        1564,
        5764
    ],
    [
        1565,
        5764
    ],
    [
        1566,
        5764
    ],
    [
        1567,
        5764
    ],
    [
        1568,
        5764
    ],
    [
        1569,
        5793
    ],
    [
        1570,
        5793
    ],
    [
        1571,
        5793
    ],
    [
        1572,
        5793
    ],
    [
        1573,
        5793
    ],
    [
        1574,
        5793
    ],
    [
        1575,
        5793
    ],
    [
        1576,
        5793
    ],
    [
        1577,
        5793
    ],
    [
        1578,
        5793
    ],
    [
        1579,
        5800
    ],
    [
        1580,
        5800
    ],
    [
        1581,
        5800
    ],
    [
        1582,
        5800
    ],
    [
        1583,
        5800
    ],
    [
        1584,
        5800
    ],
    [
        1585,
        5800
    ],
    [
        1586,
        5800
    ],
    [
        1587,
        5800
    ],
    [
        1588,
        5800
    ],
    [
        1589,
        5827
    ],
    [
        1590,
        5827
    ],
    [
        1591,
        5827
    ],
    [
        1592,
        5827
    ],
    [
        1593,
        5827
    ],
    [
        1594,
        5827
    ],
    [
        1595,
        5827
    ],
    [
        1596,
        5827
    ],
    [
        1597,
        5827
    ],
    [
        1598,
        5827
    ],
    [
        1599,
        5834
    ],
    [
        1600,
        5834
    ],
    [
        1601,
        5834
    ],
    [
        1602,
        5834
    ],
    [
        1603,
        5834
    ],
    [
        1604,
        5834
    ],
    [
        1605,
        5834
    ],
    [
        1606,
        5834
    ],
    [
        1607,
        5834
    ],
    [
        1608,
        5835
    ],
    [
        1609,
        5835
    ],
    [
        1610,
        5835
    ],
    [
        1611,
        5835
    ],
    [
        1612,
        5835
    ],
    [
        1613,
        5835
    ],
    [
        1614,
        5835
    ],
    [
        1615,
        5835
    ],
    [
        1616,
        5835
    ],
    [
        1617,
        5835
    ],
    [
        1618,
        5835
    ],
    [
        1619,
        5836
    ],
    [
        1620,
        5836
    ],
    [
        1621,
        5836
    ],
    [
        1622,
        5836
    ],
    [
        1623,
        5836
    ],
    [
        1624,
        5836
    ],
    [
        1625,
        5836
    ],
    [
        1626,
        5836
    ],
    [
        1627,
        5836
    ],
    [
        1628,
        5836
    ],
    [
        1629,
        5853
    ],
    [
        1630,
        5853
    ],
    [
        1631,
        5853
    ],
    [
        1632,
        5853
    ],
    [
        1633,
        5853
    ],
    [
        1634,
        5853
    ],
    [
        1635,
        5853
    ],
    [
        1636,
        5853
    ],
    [
        1637,
        5853
    ],
    [
        1638,
        5853
    ],
    [
        1639,
        5853
    ],
    [
        1640,
        5866
    ],
    [
        1641,
        5866
    ],
    [
        1642,
        5866
    ],
    [
        1643,
        5866
    ],
    [
        1644,
        5866
    ],
    [
        1645,
        5866
    ],
    [
        1646,
        5866
    ],
    [
        1647,
        5866
    ],
    [
        1648,
        5866
    ],
    [
        1649,
        5866
    ],
    [
        1650,
        5852
    ],
    [
        1651,
        5852
    ],
    [
        1652,
        5852
    ],
    [
        1653,
        5852
    ],
    [
        1654,
        5852
    ],
    [
        1655,
        5852
    ],
    [
        1656,
        5852
    ],
    [
        1657,
        5852
    ],
    [
        1658,
        5852
    ],
    [
        1659,
        5852
    ],
    [
        1660,
        5844
    ],
    [
        1661,
        5844
    ],
    [
        1662,
        5844
    ],
    [
        1663,
        5844
    ],
    [
        1664,
        5844
    ],
    [
        1665,
        5844
    ],
    [
        1666,
        5844
    ],
    [
        1667,
        5844
    ],
    [
        1668,
        5844
    ],
    [
        1669,
        5844
    ],
    [
        1670,
        5837
    ],
    [
        1671,
        5837
    ],
    [
        1672,
        5837
    ],
    [
        1673,
        5837
    ],
    [
        1674,
        5837
    ],
    [
        1675,
        5837
    ],
    [
        1676,
        5837
    ],
    [
        1677,
        5837
    ],
    [
        1678,
        5837
    ],
    [
        1679,
        5837
    ],
    [
        1680,
        5836
    ],
    [
        1681,
        5836
    ],
    [
        1682,
        5836
    ],
    [
        1683,
        5836
    ],
    [
        1684,
        5836
    ],
    [
        1685,
        5836
    ],
    [
        1686,
        5836
    ],
    [
        1687,
        5836
    ],
    [
        1688,
        5836
    ],
    [
        1689,
        5836
    ],
    [
        1690,
        5836
    ],
    [
        1691,
        5836
    ],
    [
        1692,
        5836
    ],
    [
        1693,
        5836
    ],
    [
        1694,
        5836
    ],
    [
        1695,
        5836
    ],
    [
        1696,
        5836
    ],
    [
        1697,
        5836
    ],
    [
        1698,
        5836
    ],
    [
        1699,
        5836
    ],
    [
        1700,
        5836
    ],
    [
        1701,
        5836
    ],
    [
        1702,
        5836
    ],
    [
        1703,
        5836
    ],
    [
        1704,
        5836
    ],
    [
        1705,
        5836
    ],
    [
        1706,
        5836
    ],
    [
        1707,
        5836
    ],
    [
        1708,
        5836
    ],
    [
        1709,
        5836
    ],
    [
        1710,
        5836
    ],
    [
        1711,
        5836
    ],
    [
        1712,
        5836
    ],
    [
        1713,
        5836
    ],
    [
        1714,
        5836
    ],
    [
        1715,
        5836
    ],
    [
        1716,
        5836
    ],
    [
        1717,
        5836
    ],
    [
        1718,
        5836
    ],
    [
        1719,
        5836
    ],
    [
        1720,
        5836
    ],
    [
        1721,
        5836
    ],
    [
        1722,
        5836
    ],
    [
        1723,
        5836
    ],
    [
        1724,
        5836
    ],
    [
        1725,
        5836
    ],
    [
        1726,
        5836
    ],
    [
        1727,
        5836
    ],
    [
        1728,
        5836
    ],
    [
        1729,
        5836
    ],
    [
        1730,
        5836
    ],
    [
        1731,
        5836
    ],
    [
        1732,
        5836
    ],
    [
        1733,
        5836
    ],
    [
        1734,
        5836
    ],
    [
        1735,
        5836
    ],
    [
        1736,
        5836
    ],
    [
        1737,
        5836
    ],
    [
        1738,
        5836
    ],
    [
        1739,
        5836
    ],
    [
        1740,
        5836
    ],
    [
        1741,
        5836
    ],
    [
        1742,
        5836
    ],
    [
        1743,
        5836
    ],
    [
        1744,
        5836
    ],
    [
        1745,
        5836
    ],
    [
        1746,
        5836
    ],
    [
        1747,
        5836
    ],
    [
        1748,
        5836
    ],
    [
        1749,
        5836
    ],
    [
        1750,
        5836
    ],
    [
        1751,
        5836
    ],
    [
        1752,
        5836
    ],
    [
        1753,
        5836
    ],
    [
        1754,
        5836
    ],
    [
        1755,
        5836
    ],
    [
        1756,
        5836
    ],
    [
        1757,
        5836
    ],
    [
        1758,
        5836
    ],
    [
        1759,
        5836
    ],
    [
        1760,
        5836
    ],
    [
        1761,
        5836
    ],
    [
        1762,
        5836
    ],
    [
        1763,
        5836
    ],
    [
        1764,
        5836
    ],
    [
        1765,
        5836
    ],
    [
        1766,
        5836
    ],
    [
        1767,
        5836
    ],
    [
        1768,
        5836
    ],
    [
        1769,
        5836
    ],
    [
        1770,
        5836
    ],
    [
        1771,
        5836
    ],
    [
        1772,
        5836
    ],
    [
        1773,
        5836
    ],
    [
        1774,
        5836
    ],
    [
        1775,
        5836
    ],
    [
        1776,
        5836
    ],
    [
        1777,
        5836
    ],
    [
        1778,
        5836
    ],
    [
        1779,
        5836
    ],
    [
        1780,
        5836
    ],
    [
        1781,
        5836
    ],
    [
        1782,
        5836
    ],
    [
        1783,
        5836
    ],
    [
        1784,
        5836
    ],
    [
        1785,
        5836
    ],
    [
        1786,
        5836
    ],
    [
        1787,
        5836
    ],
    [
        1788,
        5836
    ],
    [
        1789,
        5836
    ],
    [
        1790,
        5836
    ],
    [
        1791,
        5836
    ],
    [
        1792,
        5836
    ],
    [
        1793,
        5836
    ],
    [
        1794,
        5836
    ],
    [
        1795,
        5836
    ],
    [
        1796,
        5836
    ],
    [
        1797,
        5836
    ],
    [
        1798,
        5836
    ],
    [
        1799,
        5836
    ],
    [
        1800,
        5836
    ],
    [
        1801,
        5836
    ],
    [
        1802,
        5836
    ],
    [
        1803,
        5836
    ],
    [
        1804,
        5836
    ],
    [
        1805,
        5836
    ],
    [
        1806,
        5836
    ],
    [
        1807,
        5836
    ],
    [
        1808,
        5836
    ],
    [
        1809,
        5836
    ],
    [
        1810,
        5836
    ],
    [
        1811,
        5836
    ],
    [
        1812,
        5836
    ],
    [
        1813,
        5836
    ],
    [
        1814,
        5836
    ],
    [
        1815,
        5836
    ],
    [
        1816,
        5836
    ],
    [
        1817,
        5836
    ],
    [
        1818,
        5836
    ],
    [
        1819,
        5836
    ],
    [
        1820,
        5836
    ],
    [
        1821,
        5836
    ],
    [
        1822,
        5836
    ],
    [
        1823,
        5836
    ],
    [
        1824,
        5836
    ],
    [
        1825,
        5836
    ],
    [
        1826,
        5836
    ],
    [
        1827,
        5836
    ],
    [
        1828,
        5836
    ],
    [
        1829,
        5836
    ],
    [
        1830,
        5836
    ],
    [
        1831,
        5836
    ],
    [
        1832,
        5836
    ],
    [
        1833,
        5836
    ],
    [
        1834,
        5836
    ],
    [
        1835,
        5836
    ],
    [
        1836,
        5836
    ],
    [
        1837,
        5836
    ],
    [
        1838,
        5836
    ],
    [
        1839,
        5836
    ],
    [
        1840,
        5836
    ],
    [
        1841,
        5836
    ],
    [
        1842,
        5836
    ],
    [
        1843,
        5836
    ],
    [
        1844,
        5836
    ],
    [
        1845,
        5836
    ],
    [
        1846,
        5836
    ],
    [
        1847,
        5836
    ],
    [
        1848,
        5836
    ],
    [
        1849,
        5836
    ],
    [
        1850,
        5811
    ],
    [
        1851,
        5811
    ],
    [
        1852,
        5811
    ],
    [
        1853,
        5811
    ],
    [
        1854,
        5811
    ],
    [
        1855,
        5811
    ],
    [
        1856,
        5811
    ],
    [
        1857,
        5811
    ],
    [
        1858,
        5811
    ],
    [
        1859,
        5811
    ],
    [
        1860,
        5806
    ],
    [
        1861,
        5806
    ],
    [
        1862,
        5806
    ],
    [
        1863,
        5806
    ],
    [
        1864,
        5806
    ],
    [
        1865,
        5806
    ],
    [
        1866,
        5806
    ],
    [
        1867,
        5806
    ],
    [
        1868,
        5806
    ],
    [
        1869,
        5806
    ],
    [
        1870,
        5803
    ],
    [
        1871,
        5803
    ],
    [
        1872,
        5803
    ],
    [
        1873,
        5803
    ],
    [
        1874,
        5803
    ],
    [
        1875,
        5803
    ],
    [
        1876,
        5803
    ],
    [
        1877,
        5803
    ],
    [
        1878,
        5803
    ],
    [
        1879,
        5803
    ],
    [
        1880,
        5802
    ],
    [
        1881,
        5802
    ],
    [
        1882,
        5802
    ],
    [
        1883,
        5802
    ],
    [
        1884,
        5802
    ],
    [
        1885,
        5802
    ],
    [
        1886,
        5802
    ],
    [
        1887,
        5802
    ],
    [
        1888,
        5802
    ],
    [
        1889,
        5802
    ],
    [
        1890,
        5802
    ],
    [
        1891,
        5802
    ],
    [
        1892,
        5802
    ],
    [
        1893,
        5802
    ],
    [
        1894,
        5802
    ],
    [
        1895,
        5802
    ],
    [
        1896,
        5802
    ],
    [
        1897,
        5802
    ],
    [
        1898,
        5802
    ],
    [
        1899,
        5802
    ],
    [
        1900,
        5802
    ],
    [
        1901,
        5802
    ],
    [
        1902,
        5802
    ],
    [
        1903,
        5802
    ],
    [
        1904,
        5802
    ],
    [
        1905,
        5802
    ],
    [
        1906,
        5802
    ],
    [
        1907,
        5802
    ],
    [
        1908,
        5802
    ],
    [
        1909,
        5802
    ],
    [
        1910,
        5802
    ],
    [
        1911,
        5802
    ],
    [
        1912,
        5802
    ],
    [
        1913,
        5802
    ],
    [
        1914,
        5802
    ],
    [
        1915,
        5802
    ],
    [
        1916,
        5802
    ],
    [
        1917,
        5802
    ],
    [
        1918,
        5802
    ],
    [
        1919,
        5802
    ],
    [
        1920,
        5802
    ],
    [
        1921,
        5802
    ],
    [
        1922,
        5802
    ],
    [
        1923,
        5802
    ],
    [
        1924,
        5802
    ],
    [
        1925,
        5802
    ],
    [
        1926,
        5802
    ],
    [
        1927,
        5802
    ],
    [
        1928,
        5802
    ],
    [
        1929,
        5802
    ],
    [
        1930,
        5802
    ],
    [
        1931,
        5802
    ],
    [
        1932,
        5802
    ],
    [
        1933,
        5802
    ],
    [
        1934,
        5802
    ],
    [
        1935,
        5802
    ],
    [
        1936,
        5802
    ],
    [
        1937,
        5802
    ],
    [
        1938,
        5802
    ],
    [
        1939,
        5802
    ],
    [
        1940,
        5802
    ],
    [
        1941,
        5802
    ],
    [
        1942,
        5802
    ],
    [
        1943,
        5802
    ],
    [
        1944,
        5802
    ],
    [
        1945,
        5802
    ],
    [
        1946,
        5802
    ],
    [
        1947,
        5802
    ],
    [
        1948,
        5802
    ],
    [
        1949,
        5802
    ],
    [
        1950,
        5802
    ],
    [
        1951,
        5802
    ],
    [
        1952,
        5802
    ],
    [
        1953,
        5802
    ],
    [
        1954,
        5802
    ],
    [
        1955,
        5802
    ],
    [
        1956,
        5802
    ],
    [
        1957,
        5802
    ],
    [
        1958,
        5802
    ],
    [
        1959,
        5802
    ],
    [
        1960,
        5802
    ],
    [
        1961,
        5802
    ],
    [
        1962,
        5802
    ],
    [
        1963,
        5802
    ],
    [
        1964,
        5802
    ],
    [
        1965,
        5802
    ],
    [
        1966,
        5802
    ],
    [
        1967,
        5802
    ],
    [
        1968,
        5802
    ],
    [
        1969,
        5802
    ],
    [
        1970,
        5802
    ],
    [
        1971,
        5802
    ],
    [
        1972,
        5802
    ],
    [
        1973,
        5802
    ],
    [
        1974,
        5802
    ],
    [
        1975,
        5802
    ],
    [
        1976,
        5802
    ],
    [
        1977,
        5802
    ],
    [
        1978,
        5802
    ],
    [
        1979,
        5802
    ],
    [
        1980,
        5802
    ],
    [
        1981,
        5802
    ],
    [
        1982,
        5802
    ],
    [
        1983,
        5802
    ],
    [
        1984,
        5802
    ],
    [
        1985,
        5802
    ],
    [
        1986,
        5802
    ],
    [
        1987,
        5802
    ],
    [
        1988,
        5802
    ],
    [
        1989,
        5802
    ],
    [
        1990,
        5802
    ],
    [
        1991,
        5802
    ],
    [
        1992,
        5802
    ],
    [
        1993,
        5802
    ],
    [
        1994,
        5802
    ],
    [
        1995,
        5802
    ],
    [
        1996,
        5802
    ],
    [
        1997,
        5802
    ],
    [
        1998,
        5802
    ],
    [
        1999,
        5802
    ],
    [
        2000,
        5802
    ],
    [
        2001,
        5802
    ],
    [
        2002,
        5802
    ],
    [
        2003,
        5802
    ],
    [
        2004,
        5802
    ],
    [
        2005,
        5802
    ],
    [
        2006,
        5802
    ],
    [
        2007,
        5802
    ],
    [
        2008,
        5802
    ],
    [
        2009,
        5802
    ],
    [
        2010,
        5802
    ],
    [
        2011,
        5802
    ],
    [
        2012,
        5802
    ],
    [
        2013,
        5802
    ],
    [
        2014,
        5802
    ],
    [
        2015,
        5802
    ],
    [
        2016,
        5802
    ],
    [
        2017,
        5802
    ],
    [
        2018,
        5802
    ],
    [
        2019,
        5802
    ],
    [
        2020,
        5802
    ],
    [
        2021,
        5802
    ],
    [
        2022,
        5802
    ],
    [
        2023,
        5802
    ],
    [
        2024,
        5802
    ],
    [
        2025,
        5802
    ],
    [
        2026,
        5802
    ],
    [
        2027,
        5802
    ],
    [
        2028,
        5802
    ],
    [
        2029,
        5802
    ],
    [
        2030,
        5802
    ],
    [
        2031,
        5802
    ],
    [
        2032,
        5802
    ],
    [
        2033,
        5802
    ],
    [
        2034,
        5802
    ],
    [
        2035,
        5802
    ],
    [
        2036,
        5802
    ],
    [
        2037,
        5802
    ],
    [
        2038,
        5802
    ],
    [
        2039,
        5802
    ],
    [
        2040,
        5802
    ],
    [
        2041,
        5802
    ],
    [
        2042,
        5802
    ],
    [
        2043,
        5802
    ],
    [
        2044,
        5802
    ],
    [
        2045,
        5802
    ],
    [
        2046,
        5802
    ],
    [
        2047,
        5802
    ],
    [
        2048,
        5802
    ],
    [
        2049,
        5802
    ],
    [
        2050,
        5802
    ],
    [
        2051,
        5802
    ],
    [
        2052,
        5802
    ],
    [
        2053,
        5802
    ],
    [
        2054,
        5802
    ],
    [
        2055,
        5802
    ],
    [
        2056,
        5802
    ],
    [
        2057,
        5802
    ],
    [
        2058,
        5802
    ],
    [
        2059,
        5802
    ],
    [
        2060,
        5802
    ],
    [
        2061,
        5802
    ],
    [
        2062,
        5802
    ],
    [
        2063,
        5802
    ],
    [
        2064,
        5802
    ],
    [
        2065,
        5802
    ],
    [
        2066,
        5802
    ],
    [
        2067,
        5802
    ],
    [
        2068,
        5802
    ],
    [
        2069,
        5802
    ],
    [
        2070,
        5802
    ],
    [
        2071,
        5802
    ],
    [
        2072,
        5802
    ],
    [
        2073,
        5802
    ],
    [
        2074,
        5802
    ],
    [
        2075,
        5802
    ],
    [
        2076,
        5802
    ],
    [
        2077,
        5802
    ],
    [
        2078,
        5802
    ],
    [
        2079,
        5802
    ],
    [
        2080,
        5802
    ],
    [
        2081,
        5802
    ],
    [
        2082,
        5802
    ],
    [
        2083,
        5802
    ],
    [
        2084,
        5802
    ],
    [
        2085,
        5802
    ],
    [
        2086,
        5802
    ],
    [
        2087,
        5802
    ],
    [
        2088,
        5802
    ],
    [
        2089,
        5802
    ],
    [
        2090,
        5802
    ],
    [
        2091,
        5802
    ],
    [
        2092,
        5802
    ],
    [
        2093,
        5802
    ],
    [
        2094,
        5802
    ],
    [
        2095,
        5802
    ],
    [
        2096,
        5802
    ],
    [
        2097,
        5802
    ],
    [
        2098,
        5802
    ],
    [
        2099,
        5802
    ],
    [
        2100,
        5802
    ],
    [
        2101,
        5802
    ],
    [
        2102,
        5802
    ],
    [
        2103,
        5802
    ],
    [
        2104,
        5802
    ],
    [
        2105,
        5802
    ],
    [
        2106,
        5802
    ],
    [
        2107,
        5802
    ],
    [
        2108,
        5802
    ],
    [
        2109,
        5802
    ],
    [
        2110,
        5802
    ],
    [
        2111,
        5802
    ],
    [
        2112,
        5802
    ],
    [
        2113,
        5802
    ],
    [
        2114,
        5802
    ],
    [
        2115,
        5802
    ],
    [
        2116,
        5802
    ],
    [
        2117,
        5802
    ],
    [
        2118,
        5802
    ],
    [
        2119,
        5802
    ],
    [
        2120,
        5802
    ],
    [
        2121,
        5802
    ],
    [
        2122,
        5802
    ],
    [
        2123,
        5802
    ],
    [
        2124,
        5802
    ],
    [
        2125,
        5802
    ],
    [
        2126,
        5802
    ],
    [
        2127,
        5802
    ],
    [
        2128,
        5802
    ],
    [
        2129,
        5802
    ],
    [
        2130,
        5802
    ],
    [
        2131,
        5802
    ],
    [
        2132,
        5802
    ],
    [
        2133,
        5802
    ],
    [
        2134,
        5802
    ],
    [
        2135,
        5802
    ],
    [
        2136,
        5802
    ],
    [
        2137,
        5802
    ],
    [
        2138,
        5802
    ],
    [
        2139,
        5819
    ],
    [
        2140,
        5819
    ],
    [
        2141,
        5819
    ],
    [
        2142,
        5819
    ],
    [
        2143,
        5819
    ],
    [
        2144,
        5819
    ],
    [
        2145,
        5819
    ],
    [
        2146,
        5819
    ],
    [
        2147,
        5819
    ],
    [
        2148,
        5819
    ],
    [
        2149,
        5819
    ],
    [
        2150,
        5834
    ],
    [
        2151,
        5834
    ],
    [
        2152,
        5834
    ],
    [
        2153,
        5834
    ],
    [
        2154,
        5834
    ],
    [
        2155,
        5834
    ],
    [
        2156,
        5834
    ],
    [
        2157,
        5834
    ],
    [
        2158,
        5834
    ],
    [
        2159,
        5834
    ],
    [
        2160,
        5835
    ],
    [
        2161,
        5835
    ],
    [
        2162,
        5835
    ],
    [
        2163,
        5835
    ],
    [
        2164,
        5835
    ],
    [
        2165,
        5835
    ],
    [
        2166,
        5835
    ],
    [
        2167,
        5835
    ],
    [
        2168,
        5835
    ],
    [
        2169,
        5835
    ],
    [
        2170,
        5836
    ],
    [
        2171,
        5836
    ],
    [
        2172,
        5836
    ],
    [
        2173,
        5836
    ],
    [
        2174,
        5836
    ],
    [
        2175,
        5836
    ],
    [
        2176,
        5836
    ],
    [
        2177,
        5836
    ],
    [
        2178,
        5836
    ],
    [
        2179,
        5836
    ],
    [
        2180,
        5836
    ],
    [
        2181,
        5836
    ],
    [
        2182,
        5836
    ],
    [
        2183,
        5836
    ],
    [
        2184,
        5836
    ],
    [
        2185,
        5836
    ],
    [
        2186,
        5836
    ],
    [
        2187,
        5836
    ],
    [
        2188,
        5836
    ],
    [
        2189,
        5836
    ],
    [
        2190,
        5836
    ],
    [
        2191,
        5836
    ],
    [
        2192,
        5836
    ],
    [
        2193,
        5836
    ],
    [
        2194,
        5836
    ],
    [
        2195,
        5836
    ],
    [
        2196,
        5836
    ],
    [
        2197,
        5836
    ],
    [
        2198,
        5836
    ],
    [
        2199,
        5836
    ],
    [
        2200,
        5836
    ],
    [
        2201,
        5836
    ],
    [
        2202,
        5836
    ],
    [
        2203,
        5836
    ],
    [
        2204,
        5836
    ],
    [
        2205,
        5836
    ],
    [
        2206,
        5836
    ],
    [
        2207,
        5836
    ],
    [
        2208,
        5836
    ],
    [
        2209,
        5836
    ],
    [
        2210,
        5836
    ],
    [
        2211,
        5836
    ],
    [
        2212,
        5836
    ],
    [
        2213,
        5836
    ],
    [
        2214,
        5836
    ],
    [
        2215,
        5836
    ],
    [
        2216,
        5836
    ],
    [
        2217,
        5836
    ],
    [
        2218,
        5836
    ],
    [
        2219,
        5836
    ],
    [
        2220,
        5836
    ],
    [
        2221,
        5836
    ],
    [
        2222,
        5836
    ],
    [
        2223,
        5836
    ],
    [
        2224,
        5836
    ],
    [
        2225,
        5836
    ],
    [
        2226,
        5836
    ],
    [
        2227,
        5836
    ],
    [
        2228,
        5836
    ],
    [
        2229,
        5836
    ],
    [
        2230,
        5836
    ],
    [
        2231,
        5836
    ],
    [
        2232,
        5836
    ],
    [
        2233,
        5836
    ],
    [
        2234,
        5836
    ],
    [
        2235,
        5836
    ],
    [
        2236,
        5836
    ],
    [
        2237,
        5836
    ],
    [
        2238,
        5836
    ],
    [
        2239,
        5836
    ],
    [
        2240,
        5836
    ],
    [
        2241,
        5836
    ],
    [
        2242,
        5836
    ],
    [
        2243,
        5836
    ],
    [
        2244,
        5836
    ],
    [
        2245,
        5836
    ],
    [
        2246,
        5836
    ],
    [
        2247,
        5836
    ],
    [
        2248,
        5836
    ],
    [
        2249,
        5836
    ],
    [
        2250,
        5836
    ],
    [
        2251,
        5836
    ],
    [
        2252,
        5836
    ],
    [
        2253,
        5836
    ],
    [
        2254,
        5836
    ],
    [
        2255,
        5836
    ],
    [
        2256,
        5836
    ],
    [
        2257,
        5836
    ],
    [
        2258,
        5836
    ],
    [
        2259,
        5836
    ],
    [
        2260,
        5836
    ],
    [
        2261,
        5836
    ],
    [
        2262,
        5836
    ],
    [
        2263,
        5836
    ],
    [
        2264,
        5836
    ],
    [
        2265,
        5836
    ],
    [
        2266,
        5836
    ],
    [
        2267,
        5836
    ],
    [
        2268,
        5836
    ],
    [
        2269,
        5836
    ],
    [
        2270,
        5836
    ],
    [
        2271,
        5836
    ],
    [
        2272,
        5836
    ],
    [
        2273,
        5836
    ],
    [
        2274,
        5836
    ],
    [
        2275,
        5836
    ],
    [
        2276,
        5836
    ],
    [
        2277,
        5836
    ],
    [
        2278,
        5836
    ],
    [
        2279,
        5836
    ],
    [
        2280,
        5844
    ],
    [
        2281,
        5844
    ],
    [
        2282,
        5844
    ],
    [
        2283,
        5844
    ],
    [
        2284,
        5844
    ],
    [
        2285,
        5844
    ],
    [
        2286,
        5844
    ],
    [
        2287,
        5844
    ],
    [
        2288,
        5844
    ],
    [
        2289,
        5844
    ],
    [
        2290,
        5840
    ],
    [
        2291,
        5840
    ],
    [
        2292,
        5840
    ],
    [
        2293,
        5840
    ],
    [
        2294,
        5840
    ],
    [
        2295,
        5840
    ],
    [
        2296,
        5840
    ],
    [
        2297,
        5840
    ],
    [
        2298,
        5840
    ],
    [
        2299,
        5840
    ],
    [
        2300,
        5866
    ],
    [
        2301,
        5866
    ],
    [
        2302,
        5866
    ],
    [
        2303,
        5866
    ],
    [
        2304,
        5866
    ],
    [
        2305,
        5866
    ],
    [
        2306,
        5866
    ],
    [
        2307,
        5866
    ],
    [
        2308,
        5866
    ],
    [
        2309,
        5866
    ],
    [
        2310,
        5851
    ],
    [
        2311,
        5851
    ],
    [
        2312,
        5851
    ],
    [
        2313,
        5851
    ],
    [
        2314,
        5851
    ],
    [
        2315,
        5851
    ],
    [
        2316,
        5851
    ],
    [
        2317,
        5851
    ],
    [
        2318,
        5851
    ],
    [
        2319,
        5851
    ],
    [
        2320,
        5838
    ],
    [
        2321,
        5838
    ],
    [
        2322,
        5838
    ],
    [
        2323,
        5838
    ],
    [
        2324,
        5838
    ],
    [
        2325,
        5838
    ],
    [
        2326,
        5838
    ],
    [
        2327,
        5838
    ],
    [
        2328,
        5838
    ],
    [
        2329,
        5838
    ],
    [
        2330,
        5836
    ],
    [
        2331,
        5836
    ],
    [
        2332,
        5836
    ],
    [
        2333,
        5836
    ],
    [
        2334,
        5836
    ],
    [
        2335,
        5836
    ],
    [
        2336,
        5836
    ],
    [
        2337,
        5836
    ],
    [
        2338,
        5836
    ],
    [
        2339,
        5836
    ],
    [
        2340,
        5836
    ],
    [
        2341,
        5836
    ],
    [
        2342,
        5836
    ],
    [
        2343,
        5836
    ],
    [
        2344,
        5836
    ],
    [
        2345,
        5836
    ],
    [
        2346,
        5836
    ],
    [
        2347,
        5836
    ],
    [
        2348,
        5836
    ],
    [
        2349,
        5836
    ],
    [
        2350,
        5836
    ],
    [
        2351,
        5836
    ],
    [
        2352,
        5836
    ],
    [
        2353,
        5836
    ],
    [
        2354,
        5836
    ],
    [
        2355,
        5836
    ],
    [
        2356,
        5836
    ],
    [
        2357,
        5836
    ],
    [
        2358,
        5836
    ],
    [
        2359,
        5836
    ],
    [
        2360,
        5836
    ],
    [
        2361,
        5836
    ],
    [
        2362,
        5836
    ],
    [
        2363,
        5836
    ],
    [
        2364,
        5836
    ],
    [
        2365,
        5836
    ],
    [
        2366,
        5836
    ],
    [
        2367,
        5836
    ],
    [
        2368,
        5836
    ],
    [
        2369,
        5836
    ],
    [
        2370,
        5836
    ],
    [
        2371,
        5836
    ],
    [
        2372,
        5836
    ],
    [
        2373,
        5836
    ],
    [
        2374,
        5836
    ],
    [
        2375,
        5836
    ],
    [
        2376,
        5836
    ],
    [
        2377,
        5836
    ],
    [
        2378,
        5836
    ],
    [
        2379,
        5836
    ],
    [
        2380,
        5836
    ],
    [
        2381,
        5836
    ],
    [
        2382,
        5836
    ],
    [
        2383,
        5836
    ],
    [
        2384,
        5836
    ],
    [
        2385,
        5836
    ],
    [
        2386,
        5836
    ],
    [
        2387,
        5836
    ],
    [
        2388,
        5836
    ],
    [
        2389,
        5836
    ],
    [
        2390,
        5836
    ],
    [
        2391,
        5836
    ],
    [
        2392,
        5836
    ],
    [
        2393,
        5836
    ],
    [
        2394,
        5836
    ],
    [
        2395,
        5836
    ],
    [
        2396,
        5836
    ],
    [
        2397,
        5836
    ],
    [
        2398,
        5836
    ],
    [
        2399,
        5836
    ],
    [
        2400,
        5811
    ],
    [
        2401,
        5811
    ],
    [
        2402,
        5811
    ],
    [
        2403,
        5811
    ],
    [
        2404,
        5811
    ],
    [
        2405,
        5811
    ],
    [
        2406,
        5811
    ],
    [
        2407,
        5811
    ],
    [
        2408,
        5811
    ],
    [
        2409,
        5811
    ],
    [
        2410,
        5806
    ],
    [
        2411,
        5806
    ],
    [
        2412,
        5806
    ],
    [
        2413,
        5806
    ],
    [
        2414,
        5806
    ],
    [
        2415,
        5806
    ],
    [
        2416,
        5806
    ],
    [
        2417,
        5806
    ],
    [
        2418,
        5806
    ],
    [
        2419,
        5806
    ],
    [
        2420,
        5803
    ],
    [
        2421,
        5803
    ],
    [
        2422,
        5803
    ],
    [
        2423,
        5803
    ],
    [
        2424,
        5803
    ],
    [
        2425,
        5803
    ],
    [
        2426,
        5803
    ],
    [
        2427,
        5803
    ],
    [
        2428,
        5803
    ],
    [
        2429,
        5802
    ],
    [
        2430,
        5802
    ],
    [
        2431,
        5802
    ],
    [
        2432,
        5802
    ],
    [
        2433,
        5802
    ],
    [
        2434,
        5802
    ],
    [
        2435,
        5802
    ],
    [
        2436,
        5802
    ],
    [
        2437,
        5802
    ],
    [
        2438,
        5802
    ],
    [
        2439,
        5802
    ],
    [
        2440,
        5802
    ],
    [
        2441,
        5802
    ],
    [
        2442,
        5802
    ],
    [
        2443,
        5802
    ],
    [
        2444,
        5802
    ],
    [
        2445,
        5802
    ],
    [
        2446,
        5802
    ],
    [
        2447,
        5802
    ],
    [
        2448,
        5802
    ],
    [
        2449,
        5802
    ],
    [
        2450,
        5802
    ],
    [
        2451,
        5802
    ],
    [
        2452,
        5802
    ],
    [
        2453,
        5802
    ],
    [
        2454,
        5802
    ],
    [
        2455,
        5802
    ],
    [
        2456,
        5802
    ],
    [
        2457,
        5802
    ],
    [
        2458,
        5802
    ],
    [
        2459,
        5802
    ],
    [
        2460,
        5802
    ],
    [
        2461,
        5802
    ],
    [
        2462,
        5802
    ],
    [
        2463,
        5802
    ],
    [
        2464,
        5802
    ],
    [
        2465,
        5802
    ],
    [
        2466,
        5802
    ],
    [
        2467,
        5802
    ],
    [
        2468,
        5802
    ],
    [
        2469,
        5802
    ],
    [
        2470,
        5802
    ],
    [
        2471,
        5802
    ],
    [
        2472,
        5802
    ],
    [
        2473,
        5802
    ],
    [
        2474,
        5802
    ],
    [
        2475,
        5802
    ],
    [
        2476,
        5802
    ],
    [
        2477,
        5802
    ],
    [
        2478,
        5802
    ],
    [
        2479,
        5802
    ],
    [
        2480,
        5802
    ],
    [
        2481,
        5802
    ],
    [
        2482,
        5802
    ],
    [
        2483,
        5802
    ],
    [
        2484,
        5802
    ],
    [
        2485,
        5802
    ],
    [
        2486,
        5802
    ],
    [
        2487,
        5802
    ],
    [
        2488,
        5802
    ],
    [
        2489,
        5802
    ],
    [
        2490,
        5802
    ],
    [
        2491,
        5802
    ],
    [
        2492,
        5802
    ],
    [
        2493,
        5802
    ],
    [
        2494,
        5802
    ],
    [
        2495,
        5802
    ],
    [
        2496,
        5802
    ],
    [
        2497,
        5802
    ],
    [
        2498,
        5802
    ],
    [
        2499,
        5802
    ],
    [
        2500,
        5802
    ],
    [
        2501,
        5802
    ],
    [
        2502,
        5802
    ],
    [
        2503,
        5802
    ],
    [
        2504,
        5802
    ],
    [
        2505,
        5802
    ],
    [
        2506,
        5802
    ],
    [
        2507,
        5802
    ],
    [
        2508,
        5802
    ],
    [
        2509,
        5802
    ],
    [
        2510,
        5802
    ],
    [
        2511,
        5802
    ],
    [
        2512,
        5802
    ],
    [
        2513,
        5802
    ],
    [
        2514,
        5802
    ],
    [
        2515,
        5802
    ],
    [
        2516,
        5802
    ],
    [
        2517,
        5802
    ],
    [
        2518,
        5802
    ],
    [
        2519,
        5802
    ],
    [
        2520,
        5802
    ],
    [
        2521,
        5802
    ],
    [
        2522,
        5802
    ],
    [
        2523,
        5802
    ],
    [
        2524,
        5802
    ],
    [
        2525,
        5802
    ],
    [
        2526,
        5802
    ],
    [
        2527,
        5802
    ],
    [
        2528,
        5802
    ],
    [
        2529,
        5802
    ],
    [
        2530,
        5802
    ],
    [
        2531,
        5802
    ],
    [
        2532,
        5802
    ],
    [
        2533,
        5802
    ],
    [
        2534,
        5802
    ],
    [
        2535,
        5802
    ],
    [
        2536,
        5802
    ],
    [
        2537,
        5802
    ],
    [
        2538,
        5802
    ],
    [
        2539,
        5802
    ],
    [
        2540,
        5802
    ],
    [
        2541,
        5802
    ],
    [
        2542,
        5802
    ],
    [
        2543,
        5802
    ],
    [
        2544,
        5802
    ],
    [
        2545,
        5802
    ],
    [
        2546,
        5802
    ],
    [
        2547,
        5802
    ],
    [
        2548,
        5802
    ],
    [
        2549,
        5802
    ],
    [
        2550,
        5802
    ],
    [
        2551,
        5802
    ],
    [
        2552,
        5802
    ],
    [
        2553,
        5802
    ],
    [
        2554,
        5802
    ],
    [
        2555,
        5802
    ],
    [
        2556,
        5802
    ],
    [
        2557,
        5802
    ],
    [
        2558,
        5802
    ],
    [
        2559,
        5802
    ],
    [
        2560,
        5802
    ],
    [
        2561,
        5802
    ],
    [
        2562,
        5802
    ],
    [
        2563,
        5802
    ],
    [
        2564,
        5802
    ],
    [
        2565,
        5802
    ],
    [
        2566,
        5802
    ],
    [
        2567,
        5802
    ],
    [
        2568,
        5802
    ],
    [
        2569,
        5802
    ],
    [
        2570,
        5802
    ],
    [
        2571,
        5802
    ],
    [
        2572,
        5802
    ],
    [
        2573,
        5802
    ],
    [
        2574,
        5802
    ],
    [
        2575,
        5802
    ],
    [
        2576,
        5802
    ],
    [
        2577,
        5802
    ],
    [
        2578,
        5802
    ],
    [
        2579,
        5802
    ],
    [
        2580,
        5811
    ],
    [
        2581,
        5811
    ],
    [
        2582,
        5811
    ],
    [
        2583,
        5811
    ],
    [
        2584,
        5811
    ],
    [
        2585,
        5811
    ],
    [
        2586,
        5811
    ],
    [
        2587,
        5811
    ],
    [
        2588,
        5811
    ],
    [
        2589,
        5811
    ],
    [
        2590,
        5806
    ],
    [
        2591,
        5806
    ],
    [
        2592,
        5806
    ],
    [
        2593,
        5806
    ],
    [
        2594,
        5806
    ],
    [
        2595,
        5806
    ],
    [
        2596,
        5806
    ],
    [
        2597,
        5806
    ],
    [
        2598,
        5806
    ],
    [
        2599,
        5806
    ],
    [
        2600,
        5832
    ],
    [
        2601,
        5832
    ],
    [
        2602,
        5832
    ],
    [
        2603,
        5832
    ],
    [
        2604,
        5832
    ],
    [
        2605,
        5832
    ],
    [
        2606,
        5832
    ],
    [
        2607,
        5832
    ],
    [
        2608,
        5832
    ],
    [
        2609,
        5832
    ],
    [
        2610,
        5835
    ],
    [
        2611,
        5835
    ],
    [
        2612,
        5835
    ],
    [
        2613,
        5835
    ],
    [
        2614,
        5835
    ],
    [
        2615,
        5835
    ],
    [
        2616,
        5835
    ],
    [
        2617,
        5835
    ],
    [
        2618,
        5835
    ],
    [
        2619,
        5835
    ],
    [
        2620,
        5836
    ],
    [
        2621,
        5836
    ],
    [
        2622,
        5836
    ],
    [
        2623,
        5836
    ],
    [
        2624,
        5836
    ],
    [
        2625,
        5836
    ],
    [
        2626,
        5836
    ],
    [
        2627,
        5836
    ],
    [
        2628,
        5836
    ],
    [
        2629,
        5836
    ],
    [
        2630,
        5836
    ],
    [
        2631,
        5819
    ],
    [
        2632,
        5819
    ],
    [
        2633,
        5819
    ],
    [
        2634,
        5819
    ],
    [
        2635,
        5819
    ],
    [
        2636,
        5819
    ],
    [
        2637,
        5819
    ],
    [
        2638,
        5819
    ],
    [
        2639,
        5819
    ],
    [
        2640,
        5806
    ],
    [
        2641,
        5806
    ],
    [
        2642,
        5806
    ],
    [
        2643,
        5806
    ],
    [
        2644,
        5806
    ],
    [
        2645,
        5806
    ],
    [
        2646,
        5806
    ],
    [
        2647,
        5806
    ],
    [
        2648,
        5806
    ],
    [
        2649,
        5806
    ],
    [
        2650,
        5803
    ],
    [
        2651,
        5803
    ],
    [
        2652,
        5803
    ],
    [
        2653,
        5803
    ],
    [
        2654,
        5803
    ],
    [
        2655,
        5803
    ],
    [
        2656,
        5803
    ],
    [
        2657,
        5803
    ],
    [
        2658,
        5803
    ],
    [
        2659,
        5803
    ],
    [
        2660,
        5785
    ],
    [
        2661,
        5785
    ],
    [
        2662,
        5785
    ],
    [
        2663,
        5785
    ],
    [
        2664,
        5785
    ],
    [
        2665,
        5785
    ],
    [
        2666,
        5785
    ],
    [
        2667,
        5785
    ],
    [
        2668,
        5785
    ],
    [
        2669,
        5785
    ],
    [
        2670,
        5771
    ],
    [
        2671,
        5771
    ],
    [
        2672,
        5771
    ],
    [
        2673,
        5771
    ],
    [
        2674,
        5771
    ],
    [
        2675,
        5771
    ],
    [
        2676,
        5771
    ],
    [
        2677,
        5771
    ],
    [
        2678,
        5771
    ],
    [
        2679,
        5771
    ],
    [
        2680,
        5768
    ],
    [
        2681,
        5768
    ],
    [
        2682,
        5768
    ],
    [
        2683,
        5768
    ],
    [
        2684,
        5768
    ],
    [
        2685,
        5768
    ],
    [
        2686,
        5768
    ],
    [
        2687,
        5768
    ],
    [
        2688,
        5768
    ],
    [
        2689,
        5768
    ],
    [
        2690,
        5767
    ],
    [
        2691,
        5767
    ],
    [
        2692,
        5767
    ],
    [
        2693,
        5767
    ],
    [
        2694,
        5767
    ],
    [
        2695,
        5767
    ],
    [
        2696,
        5767
    ],
    [
        2697,
        5767
    ],
    [
        2698,
        5767
    ],
    [
        2699,
        5767
    ],
    [
        2700,
        5767
    ],
    [
        2701,
        5767
    ],
    [
        2702,
        5767
    ],
    [
        2703,
        5767
    ],
    [
        2704,
        5767
    ],
    [
        2705,
        5767
    ],
    [
        2706,
        5767
    ],
    [
        2707,
        5767
    ],
    [
        2708,
        5767
    ],
    [
        2709,
        5767
    ],
    [
        2710,
        5767
    ],
    [
        2711,
        5767
    ],
    [
        2712,
        5767
    ],
    [
        2713,
        5767
    ],
    [
        2714,
        5767
    ],
    [
        2715,
        5767
    ],
    [
        2716,
        5767
    ],
    [
        2717,
        5767
    ],
    [
        2718,
        5767
    ],
    [
        2719,
        5767
    ],
    [
        2720,
        5767
    ],
    [
        2721,
        5767
    ],
    [
        2722,
        5767
    ],
    [
        2723,
        5767
    ],
    [
        2724,
        5767
    ],
    [
        2725,
        5767
    ],
    [
        2726,
        5767
    ],
    [
        2727,
        5767
    ],
    [
        2728,
        5767
    ],
    [
        2729,
        5767
    ],
    [
        2730,
        5767
    ],
    [
        2731,
        5767
    ],
    [
        2732,
        5767
    ],
    [
        2733,
        5767
    ],
    [
        2734,
        5767
    ],
    [
        2735,
        5767
    ],
    [
        2736,
        5767
    ],
    [
        2737,
        5767
    ],
    [
        2738,
        5767
    ],
    [
        2739,
        5767
    ],
    [
        2740,
        5767
    ],
    [
        2741,
        5767
    ],
    [
        2742,
        5767
    ],
    [
        2743,
        5767
    ],
    [
        2744,
        5767
    ],
    [
        2745,
        5767
    ],
    [
        2746,
        5767
    ],
    [
        2747,
        5767
    ],
    [
        2748,
        5767
    ],
    [
        2749,
        5767
    ],
    [
        2750,
        5767
    ],
    [
        2751,
        5767
    ],
    [
        2752,
        5767
    ],
    [
        2753,
        5767
    ],
    [
        2754,
        5767
    ],
    [
        2755,
        5767
    ],
    [
        2756,
        5767
    ],
    [
        2757,
        5767
    ],
    [
        2758,
        5785
    ],
    [
        2759,
        5785
    ],
    [
        2760,
        5785
    ],
    [
        2761,
        5785
    ],
    [
        2762,
        5785
    ],
    [
        2763,
        5785
    ],
    [
        2764,
        5785
    ],
    [
        2765,
        5785
    ],
    [
        2766,
        5785
    ],
    [
        2767,
        5785
    ],
    [
        2768,
        5785
    ],
    [
        2769,
        5785
    ],
    [
        2770,
        5798
    ],
    [
        2771,
        5798
    ],
    [
        2772,
        5798
    ],
    [
        2773,
        5798
    ],
    [
        2774,
        5798
    ],
    [
        2775,
        5798
    ],
    [
        2776,
        5798
    ],
    [
        2777,
        5798
    ],
    [
        2778,
        5798
    ],
    [
        2779,
        5798
    ],
    [
        2780,
        5775
    ],
    [
        2781,
        5775
    ],
    [
        2782,
        5775
    ],
    [
        2783,
        5775
    ],
    [
        2784,
        5775
    ],
    [
        2785,
        5775
    ],
    [
        2786,
        5775
    ],
    [
        2787,
        5775
    ],
    [
        2788,
        5775
    ],
    [
        2789,
        5775
    ],
    [
        2790,
        5795
    ],
    [
        2791,
        5795
    ],
    [
        2792,
        5795
    ],
    [
        2793,
        5795
    ],
    [
        2794,
        5795
    ],
    [
        2795,
        5795
    ],
    [
        2796,
        5795
    ],
    [
        2797,
        5795
    ],
    [
        2798,
        5795
    ],
    [
        2799,
        5795
    ],
    [
        2800,
        5801
    ],
    [
        2801,
        5801
    ],
    [
        2802,
        5801
    ],
    [
        2803,
        5801
    ],
    [
        2804,
        5801
    ],
    [
        2805,
        5801
    ],
    [
        2806,
        5801
    ],
    [
        2807,
        5801
    ],
    [
        2808,
        5801
    ],
    [
        2809,
        5801
    ],
    [
        2810,
        5802
    ],
    [
        2811,
        5802
    ],
    [
        2812,
        5802
    ],
    [
        2813,
        5802
    ],
    [
        2814,
        5802
    ],
    [
        2815,
        5802
    ],
    [
        2816,
        5802
    ],
    [
        2817,
        5802
    ],
    [
        2818,
        5802
    ],
    [
        2819,
        5802
    ],
    [
        2820,
        5802
    ],
    [
        2821,
        5802
    ],
    [
        2822,
        5802
    ],
    [
        2823,
        5802
    ],
    [
        2824,
        5802
    ],
    [
        2825,
        5802
    ],
    [
        2826,
        5802
    ],
    [
        2827,
        5802
    ],
    [
        2828,
        5802
    ],
    [
        2829,
        5802
    ],
    [
        2830,
        5802
    ],
    [
        2831,
        5802
    ],
    [
        2832,
        5802
    ],
    [
        2833,
        5802
    ],
    [
        2834,
        5802
    ],
    [
        2835,
        5802
    ],
    [
        2836,
        5802
    ],
    [
        2837,
        5802
    ],
    [
        2838,
        5802
    ],
    [
        2839,
        5802
    ],
    [
        2840,
        5802
    ],
    [
        2841,
        5802
    ],
    [
        2842,
        5802
    ],
    [
        2843,
        5802
    ],
    [
        2844,
        5802
    ],
    [
        2845,
        5802
    ],
    [
        2846,
        5802
    ],
    [
        2847,
        5802
    ],
    [
        2848,
        5802
    ],
    [
        2849,
        5802
    ],
    [
        2850,
        5802
    ],
    [
        2851,
        5802
    ],
    [
        2852,
        5802
    ],
    [
        2853,
        5802
    ],
    [
        2854,
        5802
    ],
    [
        2855,
        5802
    ],
    [
        2856,
        5802
    ],
    [
        2857,
        5802
    ],
    [
        2858,
        5802
    ],
    [
        2859,
        5802
    ],
    [
        2860,
        5802
    ],
    [
        2861,
        5802
    ],
    [
        2862,
        5802
    ],
    [
        2863,
        5802
    ],
    [
        2864,
        5802
    ],
    [
        2865,
        5802
    ],
    [
        2866,
        5802
    ],
    [
        2867,
        5802
    ],
    [
        2868,
        5802
    ],
    [
        2869,
        5802
    ],
    [
        2870,
        5802
    ],
    [
        2871,
        5802
    ],
    [
        2872,
        5802
    ],
    [
        2873,
        5802
    ],
    [
        2874,
        5802
    ],
    [
        2875,
        5802
    ],
    [
        2876,
        5802
    ],
    [
        2877,
        5802
    ],
    [
        2878,
        5802
    ],
    [
        2879,
        5802
    ],
    [
        2880,
        5802
    ],
    [
        2881,
        5802
    ],
    [
        2882,
        5802
    ],
    [
        2883,
        5802
    ],
    [
        2884,
        5802
    ],
    [
        2885,
        5802
    ],
    [
        2886,
        5802
    ],
    [
        2887,
        5802
    ],
    [
        2888,
        5802
    ],
    [
        2889,
        5802
    ],
    [
        2890,
        5802
    ],
    [
        2891,
        5802
    ],
    [
        2892,
        5802
    ],
    [
        2893,
        5802
    ],
    [
        2894,
        5802
    ],
    [
        2895,
        5802
    ],
    [
        2896,
        5802
    ],
    [
        2897,
        5802
    ],
    [
        2898,
        5802
    ],
    [
        2899,
        5802
    ],
    [
        2900,
        5802
    ],
    [
        2901,
        5802
    ],
    [
        2902,
        5802
    ],
    [
        2903,
        5802
    ],
    [
        2904,
        5802
    ],
    [
        2905,
        5802
    ],
    [
        2906,
        5802
    ],
    [
        2907,
        5802
    ],
    [
        2908,
        5802
    ],
    [
        2909,
        5802
    ],
    [
        2910,
        5802
    ],
    [
        2911,
        5802
    ],
    [
        2912,
        5802
    ],
    [
        2913,
        5802
    ],
    [
        2914,
        5802
    ],
    [
        2915,
        5802
    ],
    [
        2916,
        5802
    ],
    [
        2917,
        5802
    ],
    [
        2918,
        5802
    ],
    [
        2919,
        5802
    ],
    [
        2920,
        5802
    ],
    [
        2921,
        5802
    ],
    [
        2922,
        5802
    ],
    [
        2923,
        5802
    ],
    [
        2924,
        5802
    ],
    [
        2925,
        5802
    ],
    [
        2926,
        5802
    ],
    [
        2927,
        5802
    ],
    [
        2928,
        5802
    ],
    [
        2929,
        5802
    ],
    [
        2930,
        5802
    ],
    [
        2931,
        5802
    ],
    [
        2932,
        5802
    ],
    [
        2933,
        5802
    ],
    [
        2934,
        5802
    ],
    [
        2935,
        5802
    ],
    [
        2936,
        5802
    ],
    [
        2937,
        5802
    ],
    [
        2938,
        5802
    ],
    [
        2939,
        5802
    ],
    [
        2940,
        5802
    ],
    [
        2941,
        5802
    ],
    [
        2942,
        5802
    ],
    [
        2943,
        5802
    ],
    [
        2944,
        5802
    ],
    [
        2945,
        5802
    ],
    [
        2946,
        5802
    ],
    [
        2947,
        5802
    ],
    [
        2948,
        5802
    ],
    [
        2949,
        5802
    ],
    [
        2950,
        5802
    ],
    [
        2951,
        5802
    ],
    [
        2952,
        5802
    ],
    [
        2953,
        5802
    ],
    [
        2954,
        5802
    ],
    [
        2955,
        5802
    ],
    [
        2956,
        5802
    ],
    [
        2957,
        5802
    ],
    [
        2958,
        5802
    ],
    [
        2959,
        5802
    ],
    [
        2960,
        5802
    ],
    [
        2961,
        5802
    ],
    [
        2962,
        5802
    ],
    [
        2963,
        5802
    ],
    [
        2964,
        5802
    ],
    [
        2965,
        5802
    ],
    [
        2966,
        5802
    ],
    [
        2967,
        5802
    ],
    [
        2968,
        5802
    ],
    [
        2969,
        5802
    ],
    [
        2970,
        5802
    ],
    [
        2971,
        5802
    ],
    [
        2972,
        5802
    ],
    [
        2973,
        5802
    ],
    [
        2974,
        5802
    ],
    [
        2975,
        5802
    ],
    [
        2976,
        5802
    ],
    [
        2977,
        5802
    ],
    [
        2978,
        5802
    ],
    [
        2979,
        5802
    ],
    [
        2980,
        5802
    ],
    [
        2981,
        5802
    ],
    [
        2982,
        5802
    ],
    [
        2983,
        5802
    ],
    [
        2984,
        5802
    ],
    [
        2985,
        5802
    ],
    [
        2986,
        5802
    ],
    [
        2987,
        5802
    ],
    [
        2988,
        5802
    ],
    [
        2989,
        5802
    ],
    [
        2990,
        5802
    ],
    [
        2991,
        5802
    ],
    [
        2992,
        5802
    ],
    [
        2993,
        5802
    ],
    [
        2994,
        5802
    ],
    [
        2995,
        5802
    ],
    [
        2996,
        5802
    ],
    [
        2997,
        5802
    ],
    [
        2998,
        5802
    ],
    [
        2999,
        5802
    ],
    [
        3000,
        5802
    ],
    [
        3001,
        5802
    ],
    [
        3002,
        5802
    ],
    [
        3003,
        5802
    ],
    [
        3004,
        5802
    ],
    [
        3005,
        5802
    ],
    [
        3006,
        5802
    ],
    [
        3007,
        5802
    ],
    [
        3008,
        5802
    ],
    [
        3009,
        5802
    ],
    [
        3010,
        5802
    ],
    [
        3011,
        5802
    ],
    [
        3012,
        5802
    ],
    [
        3013,
        5802
    ],
    [
        3014,
        5802
    ],
    [
        3015,
        5802
    ],
    [
        3016,
        5802
    ],
    [
        3017,
        5802
    ],
    [
        3018,
        5802
    ],
    [
        3019,
        5802
    ],
    [
        3020,
        5802
    ],
    [
        3021,
        5802
    ],
    [
        3022,
        5802
    ],
    [
        3023,
        5802
    ],
    [
        3024,
        5802
    ],
    [
        3025,
        5802
    ],
    [
        3026,
        5802
    ],
    [
        3027,
        5802
    ],
    [
        3028,
        5802
    ],
    [
        3029,
        5802
    ],
    [
        3030,
        5802
    ],
    [
        3031,
        5802
    ],
    [
        3032,
        5802
    ],
    [
        3033,
        5802
    ],
    [
        3034,
        5802
    ],
    [
        3035,
        5802
    ],
    [
        3036,
        5802
    ],
    [
        3037,
        5802
    ],
    [
        3038,
        5802
    ],
    [
        3039,
        5802
    ],
    [
        3040,
        5802
    ],
    [
        3041,
        5802
    ],
    [
        3042,
        5802
    ],
    [
        3043,
        5802
    ],
    [
        3044,
        5802
    ],
    [
        3045,
        5802
    ],
    [
        3046,
        5802
    ],
    [
        3047,
        5802
    ],
    [
        3048,
        5802
    ],
    [
        3049,
        5802
    ],
    [
        3050,
        5802
    ],
    [
        3051,
        5802
    ],
    [
        3052,
        5802
    ],
    [
        3053,
        5802
    ],
    [
        3054,
        5802
    ],
    [
        3055,
        5802
    ],
    [
        3056,
        5802
    ],
    [
        3057,
        5802
    ],
    [
        3058,
        5802
    ],
    [
        3059,
        5802
    ],
    [
        3060,
        5827
    ],
    [
        3061,
        5827
    ],
    [
        3062,
        5827
    ],
    [
        3063,
        5827
    ],
    [
        3064,
        5827
    ],
    [
        3065,
        5827
    ],
    [
        3066,
        5827
    ],
    [
        3067,
        5827
    ],
    [
        3068,
        5827
    ],
    [
        3069,
        5827
    ],
    [
        3070,
        5834
    ],
    [
        3071,
        5834
    ],
    [
        3072,
        5834
    ],
    [
        3073,
        5834
    ],
    [
        3074,
        5834
    ],
    [
        3075,
        5834
    ],
    [
        3076,
        5834
    ],
    [
        3077,
        5834
    ],
    [
        3078,
        5834
    ],
    [
        3079,
        5834
    ],
    [
        3080,
        5835
    ],
    [
        3081,
        5835
    ],
    [
        3082,
        5835
    ],
    [
        3083,
        5835
    ],
    [
        3084,
        5835
    ],
    [
        3085,
        5835
    ],
    [
        3086,
        5835
    ],
    [
        3087,
        5835
    ],
    [
        3088,
        5835
    ],
    [
        3089,
        5835
    ],
    [
        3090,
        5836
    ],
    [
        3091,
        5836
    ],
    [
        3092,
        5836
    ],
    [
        3093,
        5836
    ],
    [
        3094,
        5836
    ],
    [
        3095,
        5836
    ],
    [
        3096,
        5836
    ],
    [
        3097,
        5836
    ],
    [
        3098,
        5836
    ],
    [
        3099,
        5836
    ],
    [
        3100,
        5836
    ],
    [
        3101,
        5836
    ],
    [
        3102,
        5836
    ],
    [
        3103,
        5836
    ],
    [
        3104,
        5836
    ],
    [
        3105,
        5836
    ],
    [
        3106,
        5836
    ],
    [
        3107,
        5836
    ],
    [
        3108,
        5836
    ],
    [
        3109,
        5836
    ],
    [
        3110,
        5836
    ],
    [
        3111,
        5836
    ],
    [
        3112,
        5836
    ],
    [
        3113,
        5836
    ],
    [
        3114,
        5836
    ],
    [
        3115,
        5836
    ],
    [
        3116,
        5836
    ],
    [
        3117,
        5836
    ],
    [
        3118,
        5836
    ],
    [
        3119,
        5836
    ],
    [
        3120,
        5836
    ],
    [
        3121,
        5836
    ],
    [
        3122,
        5836
    ],
    [
        3123,
        5836
    ],
    [
        3124,
        5836
    ],
    [
        3125,
        5836
    ],
    [
        3126,
        5836
    ],
    [
        3127,
        5836
    ],
    [
        3128,
        5836
    ],
    [
        3129,
        5836
    ],
    [
        3130,
        5836
    ],
    [
        3131,
        5836
    ],
    [
        3132,
        5836
    ],
    [
        3133,
        5836
    ],
    [
        3134,
        5836
    ],
    [
        3135,
        5836
    ],
    [
        3136,
        5836
    ],
    [
        3137,
        5836
    ],
    [
        3138,
        5836
    ],
    [
        3139,
        5836
    ],
    [
        3140,
        5836
    ],
    [
        3141,
        5836
    ],
    [
        3142,
        5836
    ],
    [
        3143,
        5836
    ],
    [
        3144,
        5836
    ],
    [
        3145,
        5836
    ],
    [
        3146,
        5836
    ],
    [
        3147,
        5836
    ],
    [
        3148,
        5853
    ],
    [
        3149,
        5853
    ],
    [
        3150,
        5853
    ],
    [
        3151,
        5853
    ],
    [
        3152,
        5853
    ],
    [
        3153,
        5853
    ],
    [
        3154,
        5853
    ],
    [
        3155,
        5853
    ],
    [
        3156,
        5853
    ],
    [
        3157,
        5853
    ],
    [
        3158,
        5853
    ],
    [
        3159,
        5853
    ],
    [
        3160,
        5853
    ],
    [
        3161,
        5868
    ],
    [
        3162,
        5868
    ],
    [
        3163,
        5868
    ],
    [
        3164,
        5868
    ],
    [
        3165,
        5868
    ],
    [
        3166,
        5868
    ],
    [
        3167,
        5868
    ],
    [
        3168,
        5868
    ],
    [
        3169,
        5868
    ],
    [
        3170,
        5868
    ],
    [
        3171,
        5869
    ],
    [
        3172,
        5869
    ],
    [
        3173,
        5869
    ],
    [
        3174,
        5869
    ],
    [
        3175,
        5869
    ],
    [
        3176,
        5869
    ],
    [
        3177,
        5869
    ],
    [
        3178,
        5869
    ],
    [
        3179,
        5869
    ],
    [
        3180,
        5869
    ],
    [
        3181,
        5870
    ],
    [
        3182,
        5870
    ],
    [
        3183,
        5870
    ],
    [
        3184,
        5870
    ],
    [
        3185,
        5870
    ],
    [
        3186,
        5870
    ],
    [
        3187,
        5870
    ],
    [
        3188,
        5870
    ],
    [
        3189,
        5870
    ],
    [
        3190,
        5870
    ],
    [
        3191,
        5870
    ],
    [
        3192,
        5870
    ],
    [
        3193,
        5870
    ],
    [
        3194,
        5870
    ],
    [
        3195,
        5870
    ],
    [
        3196,
        5870
    ],
    [
        3197,
        5870
    ],
    [
        3198,
        5870
    ],
    [
        3199,
        5870
    ],
    [
        3200,
        5870
    ],
    [
        3201,
        5870
    ],
    [
        3202,
        5870
    ],
    [
        3203,
        5870
    ],
    [
        3204,
        5870
    ],
    [
        3205,
        5870
    ],
    [
        3206,
        5870
    ],
    [
        3207,
        5870
    ],
    [
        3208,
        5870
    ],
    [
        3209,
        5870
    ],
    [
        3210,
        5870
    ],
    [
        3211,
        5870
    ],
    [
        3212,
        5870
    ],
    [
        3213,
        5870
    ],
    [
        3214,
        5870
    ],
    [
        3215,
        5870
    ],
    [
        3216,
        5870
    ],
    [
        3217,
        5870
    ],
    [
        3218,
        5870
    ],
    [
        3219,
        5870
    ],
    [
        3220,
        5870
    ],
    [
        3221,
        5870
    ],
    [
        3222,
        5870
    ],
    [
        3223,
        5870
    ],
    [
        3224,
        5870
    ],
    [
        3225,
        5870
    ],
    [
        3226,
        5870
    ],
    [
        3227,
        5870
    ],
    [
        3228,
        5870
    ],
    [
        3229,
        5870
    ],
    [
        3230,
        5870
    ],
    [
        3231,
        5870
    ],
    [
        3232,
        5870
    ],
    [
        3233,
        5870
    ],
    [
        3234,
        5870
    ],
    [
        3235,
        5870
    ],
    [
        3236,
        5870
    ],
    [
        3237,
        5870
    ],
    [
        3238,
        5870
    ],
    [
        3239,
        5870
    ],
    [
        3240,
        5870
    ],
    [
        3241,
        5870
    ],
    [
        3242,
        5870
    ],
    [
        3243,
        5870
    ],
    [
        3244,
        5870
    ],
    [
        3245,
        5870
    ],
    [
        3246,
        5870
    ],
    [
        3247,
        5870
    ],
    [
        3248,
        5870
    ],
    [
        3249,
        5870
    ],
    [
        3250,
        5870
    ],
    [
        3251,
        5870
    ],
    [
        3252,
        5870
    ],
    [
        3253,
        5870
    ],
    [
        3254,
        5870
    ],
    [
        3255,
        5870
    ],
    [
        3256,
        5870
    ],
    [
        3257,
        5870
    ],
    [
        3258,
        5870
    ],
    [
        3259,
        5870
    ],
    [
        3260,
        5870
    ],
    [
        3261,
        5870
    ],
    [
        3262,
        5870
    ],
    [
        3263,
        5870
    ],
    [
        3264,
        5870
    ],
    [
        3265,
        5870
    ],
    [
        3266,
        5870
    ],
    [
        3267,
        5870
    ],
    [
        3268,
        5870
    ],
    [
        3269,
        5870
    ],
    [
        3270,
        5870
    ],
    [
        3271,
        5870
    ],
    [
        3272,
        5870
    ],
    [
        3273,
        5870
    ],
    [
        3274,
        5870
    ],
    [
        3275,
        5870
    ],
    [
        3276,
        5870
    ],
    [
        3277,
        5870
    ],
    [
        3278,
        5870
    ],
    [
        3279,
        5870
    ],
    [
        3280,
        5870
    ],
    [
        3281,
        5870
    ],
    [
        3282,
        5870
    ],
    [
        3283,
        5870
    ],
    [
        3284,
        5870
    ],
    [
        3285,
        5870
    ],
    [
        3286,
        5870
    ],
    [
        3287,
        5870
    ],
    [
        3288,
        5870
    ],
    [
        3289,
        5870
    ],
    [
        3290,
        5870
    ],
    [
        3291,
        5870
    ],
    [
        3292,
        5870
    ],
    [
        3293,
        5870
    ],
    [
        3294,
        5870
    ],
    [
        3295,
        5870
    ],
    [
        3296,
        5870
    ],
    [
        3297,
        5870
    ],
    [
        3298,
        5870
    ],
    [
        3299,
        5870
    ],
    [
        3300,
        5870
    ],
    [
        3301,
        5870
    ],
    [
        3302,
        5870
    ],
    [
        3303,
        5870
    ],
    [
        3304,
        5870
    ],
    [
        3305,
        5870
    ],
    [
        3306,
        5870
    ],
    [
        3307,
        5870
    ],
    [
        3308,
        5870
    ],
    [
        3309,
        5870
    ],
    [
        3310,
        5870
    ],
    [
        3311,
        5870
    ],
    [
        3312,
        5870
    ],
    [
        3313,
        5870
    ],
    [
        3314,
        5870
    ],
    [
        3315,
        5870
    ],
    [
        3316,
        5870
    ],
    [
        3317,
        5870
    ],
    [
        3318,
        5870
    ],
    [
        3319,
        5870
    ],
    [
        3320,
        5887
    ],
    [
        3321,
        5887
    ],
    [
        3322,
        5887
    ],
    [
        3323,
        5887
    ],
    [
        3324,
        5887
    ],
    [
        3325,
        5887
    ],
    [
        3326,
        5887
    ],
    [
        3327,
        5887
    ],
    [
        3328,
        5887
    ],
    [
        3329,
        5887
    ],
    [
        3330,
        5874
    ],
    [
        3331,
        5874
    ],
    [
        3332,
        5874
    ],
    [
        3333,
        5874
    ],
    [
        3334,
        5874
    ],
    [
        3335,
        5874
    ],
    [
        3336,
        5874
    ],
    [
        3337,
        5874
    ],
    [
        3338,
        5874
    ],
    [
        3339,
        5874
    ],
    [
        3340,
        5871
    ],
    [
        3341,
        5871
    ],
    [
        3342,
        5871
    ],
    [
        3343,
        5871
    ],
    [
        3344,
        5871
    ],
    [
        3345,
        5871
    ],
    [
        3346,
        5871
    ],
    [
        3347,
        5871
    ],
    [
        3348,
        5871
    ],
    [
        3349,
        5871
    ],
    [
        3350,
        5871
    ],
    [
        3351,
        5870
    ],
    [
        3352,
        5870
    ],
    [
        3353,
        5870
    ],
    [
        3354,
        5870
    ],
    [
        3355,
        5870
    ],
    [
        3356,
        5870
    ],
    [
        3357,
        5870
    ],
    [
        3358,
        5870
    ],
    [
        3359,
        5870
    ],
    [
        3360,
        5870
    ],
    [
        3361,
        5870
    ],
    [
        3362,
        5870
    ],
    [
        3363,
        5870
    ],
    [
        3364,
        5870
    ],
    [
        3365,
        5870
    ],
    [
        3366,
        5870
    ],
    [
        3367,
        5870
    ],
    [
        3368,
        5870
    ],
    [
        3369,
        5870
    ],
    [
        3370,
        5870
    ],
    [
        3371,
        5870
    ],
    [
        3372,
        5870
    ],
    [
        3373,
        5870
    ],
    [
        3374,
        5870
    ],
    [
        3375,
        5870
    ],
    [
        3376,
        5870
    ],
    [
        3377,
        5870
    ],
    [
        3378,
        5870
    ],
    [
        3379,
        5870
    ],
    [
        3380,
        5879
    ],
    [
        3381,
        5879
    ],
    [
        3382,
        5879
    ],
    [
        3383,
        5879
    ],
    [
        3384,
        5879
    ],
    [
        3385,
        5879
    ],
    [
        3386,
        5879
    ],
    [
        3387,
        5879
    ],
    [
        3388,
        5879
    ],
    [
        3389,
        5879
    ],
    [
        3390,
        5872
    ],
    [
        3391,
        5872
    ],
    [
        3392,
        5872
    ],
    [
        3393,
        5872
    ],
    [
        3394,
        5872
    ],
    [
        3395,
        5872
    ],
    [
        3396,
        5872
    ],
    [
        3397,
        5872
    ],
    [
        3398,
        5872
    ],
    [
        3399,
        5872
    ],
    [
        3400,
        5871
    ],
    [
        3401,
        5871
    ],
    [
        3402,
        5871
    ],
    [
        3403,
        5871
    ],
    [
        3404,
        5871
    ],
    [
        3405,
        5871
    ],
    [
        3406,
        5871
    ],
    [
        3407,
        5871
    ],
    [
        3408,
        5871
    ],
    [
        3409,
        5871
    ],
    [
        3410,
        5887
    ],
    [
        3411,
        5887
    ],
    [
        3412,
        5887
    ],
    [
        3413,
        5887
    ],
    [
        3414,
        5887
    ],
    [
        3415,
        5887
    ],
    [
        3416,
        5887
    ],
    [
        3417,
        5887
    ],
    [
        3418,
        5887
    ],
    [
        3419,
        5887
    ],
    [
        3420,
        5900
    ],
    [
        3421,
        5900
    ],
    [
        3422,
        5900
    ],
    [
        3423,
        5900
    ],
    [
        3424,
        5900
    ],
    [
        3425,
        5900
    ],
    [
        3426,
        5900
    ],
    [
        3427,
        5900
    ],
    [
        3428,
        5900
    ],
    [
        3429,
        5900
    ],
    [
        3430,
        5886
    ],
    [
        3431,
        5886
    ],
    [
        3432,
        5886
    ],
    [
        3433,
        5886
    ],
    [
        3434,
        5886
    ],
    [
        3435,
        5886
    ],
    [
        3436,
        5886
    ],
    [
        3437,
        5886
    ],
    [
        3438,
        5886
    ],
    [
        3439,
        5886
    ],
    [
        3440,
        5874
    ],
    [
        3441,
        5874
    ],
    [
        3442,
        5874
    ],
    [
        3443,
        5874
    ],
    [
        3444,
        5874
    ],
    [
        3445,
        5874
    ],
    [
        3446,
        5874
    ],
    [
        3447,
        5874
    ],
    [
        3448,
        5872
    ],
    [
        3449,
        5872
    ],
    [
        3450,
        5872
    ],
    [
        3451,
        5872
    ],
    [
        3452,
        5872
    ],
    [
        3453,
        5872
    ],
    [
        3454,
        5872
    ],
    [
        3455,
        5872
    ],
    [
        3456,
        5872
    ],
    [
        3457,
        5872
    ],
    [
        3458,
        5872
    ],
    [
        3459,
        5872
    ],
    [
        3460,
        5870
    ],
    [
        3461,
        5870
    ],
    [
        3462,
        5870
    ],
    [
        3463,
        5870
    ],
    [
        3464,
        5870
    ],
    [
        3465,
        5870
    ],
    [
        3466,
        5870
    ],
    [
        3467,
        5870
    ],
    [
        3468,
        5870
    ],
    [
        3469,
        5870
    ],
    [
        3470,
        5870
    ],
    [
        3471,
        5870
    ],
    [
        3472,
        5870
    ],
    [
        3473,
        5870
    ],
    [
        3474,
        5870
    ],
    [
        3475,
        5870
    ],
    [
        3476,
        5870
    ],
    [
        3477,
        5870
    ],
    [
        3478,
        5870
    ],
    [
        3479,
        5870
    ],
    [
        3480,
        5870
    ],
    [
        3481,
        5870
    ],
    [
        3482,
        5870
    ],
    [
        3483,
        5870
    ],
    [
        3484,
        5870
    ],
    [
        3485,
        5870
    ],
    [
        3486,
        5870
    ],
    [
        3487,
        5870
    ],
    [
        3488,
        5870
    ],
    [
        3489,
        5870
    ],
    [
        3490,
        5870
    ],
    [
        3491,
        5870
    ],
    [
        3492,
        5870
    ],
    [
        3493,
        5870
    ],
    [
        3494,
        5870
    ],
    [
        3495,
        5870
    ],
    [
        3496,
        5870
    ],
    [
        3497,
        5870
    ],
    [
        3498,
        5870
    ],
    [
        3499,
        5870
    ],
    [
        3500,
        5870
    ],
    [
        3501,
        5870
    ],
    [
        3502,
        5870
    ],
    [
        3503,
        5870
    ],
    [
        3504,
        5870
    ],
    [
        3505,
        5870
    ],
    [
        3506,
        5870
    ],
    [
        3507,
        5870
    ],
    [
        3508,
        5870
    ],
    [
        3509,
        5870
    ],
    [
        3510,
        5870
    ],
    [
        3511,
        5870
    ],
    [
        3512,
        5870
    ],
    [
        3513,
        5870
    ],
    [
        3514,
        5870
    ],
    [
        3515,
        5870
    ],
    [
        3516,
        5870
    ],
    [
        3517,
        5870
    ],
    [
        3518,
        5870
    ],
    [
        3519,
        5870
    ],
    [
        3520,
        5870
    ],
    [
        3521,
        5870
    ],
    [
        3522,
        5870
    ],
    [
        3523,
        5870
    ],
    [
        3524,
        5870
    ],
    [
        3525,
        5870
    ],
    [
        3526,
        5870
    ],
    [
        3527,
        5870
    ],
    [
        3528,
        5870
    ],
    [
        3529,
        5870
    ],
    [
        3530,
        5870
    ],
    [
        3531,
        5870
    ],
    [
        3532,
        5870
    ],
    [
        3533,
        5870
    ],
    [
        3534,
        5870
    ],
    [
        3535,
        5870
    ],
    [
        3536,
        5870
    ],
    [
        3537,
        5870
    ],
    [
        3538,
        5870
    ],
    [
        3539,
        5870
    ],
    [
        3540,
        5870
    ],
    [
        3541,
        5870
    ],
    [
        3542,
        5870
    ],
    [
        3543,
        5870
    ],
    [
        3544,
        5870
    ],
    [
        3545,
        5870
    ],
    [
        3546,
        5870
    ],
    [
        3547,
        5870
    ],
    [
        3548,
        5870
    ],
    [
        3549,
        5870
    ],
    [
        3550,
        5870
    ],
    [
        3551,
        5870
    ],
    [
        3552,
        5870
    ],
    [
        3553,
        5870
    ],
    [
        3554,
        5870
    ],
    [
        3555,
        5870
    ],
    [
        3556,
        5870
    ],
    [
        3557,
        5870
    ],
    [
        3558,
        5870
    ],
    [
        3559,
        5870
    ],
    [
        3560,
        5870
    ],
    [
        3561,
        5870
    ],
    [
        3562,
        5870
    ],
    [
        3563,
        5870
    ],
    [
        3564,
        5870
    ],
    [
        3565,
        5870
    ],
    [
        3566,
        5870
    ],
    [
        3567,
        5870
    ],
    [
        3568,
        5870
    ],
    [
        3569,
        5870
    ],
    [
        3570,
        5870
    ],
    [
        3571,
        5870
    ],
    [
        3572,
        5870
    ],
    [
        3573,
        5870
    ],
    [
        3574,
        5870
    ],
    [
        3575,
        5870
    ],
    [
        3576,
        5870
    ],
    [
        3577,
        5870
    ],
    [
        3578,
        5870
    ],
    [
        3579,
        5870
    ],
    [
        3580,
        5870
    ],
    [
        3581,
        5870
    ],
    [
        3582,
        5870
    ],
    [
        3583,
        5870
    ],
    [
        3584,
        5870
    ],
    [
        3585,
        5870
    ],
    [
        3586,
        5870
    ],
    [
        3587,
        5870
    ],
    [
        3588,
        5870
    ],
    [
        3589,
        5870
    ],
    [
        3590,
        5870
    ],
    [
        3591,
        5870
    ],
    [
        3592,
        5870
    ],
    [
        3593,
        5870
    ],
    [
        3594,
        5870
    ],
    [
        3595,
        5870
    ],
    [
        3596,
        5870
    ],
    [
        3597,
        5870
    ],
    [
        3598,
        5870
    ],
    [
        3599,
        5870
    ],
    [
        3600,
        5853
    ],
    [
        3601,
        5853
    ],
    [
        3602,
        5853
    ],
    [
        3603,
        5853
    ],
    [
        3604,
        5853
    ],
    [
        3605,
        5853
    ],
    [
        3606,
        5853
    ],
    [
        3607,
        5853
    ],
    [
        3608,
        5853
    ],
    [
        3609,
        5853
    ],
    [
        3610,
        5840
    ],
    [
        3611,
        5840
    ],
    [
        3612,
        5840
    ],
    [
        3613,
        5840
    ],
    [
        3614,
        5840
    ],
    [
        3615,
        5840
    ],
    [
        3616,
        5840
    ],
    [
        3617,
        5840
    ],
    [
        3618,
        5840
    ],
    [
        3619,
        5840
    ],
    [
        3620,
        5837
    ],
    [
        3621,
        5837
    ],
    [
        3622,
        5837
    ],
    [
        3623,
        5837
    ],
    [
        3624,
        5837
    ],
    [
        3625,
        5837
    ],
    [
        3626,
        5837
    ],
    [
        3627,
        5837
    ],
    [
        3628,
        5837
    ],
    [
        3629,
        5837
    ],
    [
        3630,
        5819
    ],
    [
        3631,
        5819
    ],
    [
        3632,
        5819
    ],
    [
        3633,
        5819
    ],
    [
        3634,
        5819
    ],
    [
        3635,
        5819
    ],
    [
        3636,
        5819
    ],
    [
        3637,
        5819
    ],
    [
        3638,
        5819
    ],
    [
        3639,
        5819
    ],
    [
        3640,
        5806
    ],
    [
        3641,
        5806
    ],
    [
        3642,
        5806
    ],
    [
        3643,
        5806
    ],
    [
        3644,
        5806
    ],
    [
        3645,
        5806
    ],
    [
        3646,
        5806
    ],
    [
        3647,
        5806
    ],
    [
        3648,
        5806
    ],
    [
        3649,
        5806
    ],
    [
        3650,
        5803
    ],
    [
        3651,
        5803
    ],
    [
        3652,
        5803
    ],
    [
        3653,
        5803
    ],
    [
        3654,
        5803
    ],
    [
        3655,
        5803
    ],
    [
        3656,
        5803
    ],
    [
        3657,
        5803
    ],
    [
        3658,
        5803
    ],
    [
        3659,
        5803
    ],
    [
        3660,
        5803
    ],
    [
        3661,
        5803
    ],
    [
        3662,
        5803
    ],
    [
        3663,
        5803
    ],
    [
        3664,
        5803
    ],
    [
        3665,
        5803
    ],
    [
        3666,
        5803
    ],
    [
        3667,
        5803
    ],
    [
        3668,
        5803
    ],
    [
        3669,
        5803
    ],
    [
        3670,
        5802
    ],
    [
        3671,
        5802
    ],
    [
        3672,
        5802
    ],
    [
        3673,
        5802
    ],
    [
        3674,
        5802
    ],
    [
        3675,
        5802
    ],
    [
        3676,
        5802
    ],
    [
        3677,
        5802
    ],
    [
        3678,
        5802
    ],
    [
        3679,
        5802
    ],
    [
        3680,
        5802
    ],
    [
        3681,
        5802
    ],
    [
        3682,
        5802
    ],
    [
        3683,
        5802
    ],
    [
        3684,
        5802
    ],
    [
        3685,
        5802
    ],
    [
        3686,
        5802
    ],
    [
        3687,
        5802
    ],
    [
        3688,
        5802
    ],
    [
        3689,
        5802
    ],
    [
        3690,
        5802
    ],
    [
        3691,
        5802
    ],
    [
        3692,
        5802
    ],
    [
        3693,
        5802
    ],
    [
        3694,
        5802
    ],
    [
        3695,
        5802
    ],
    [
        3696,
        5802
    ],
    [
        3697,
        5802
    ],
    [
        3698,
        5802
    ],
    [
        3699,
        5802
    ],
    [
        3700,
        5802
    ],
    [
        3701,
        5802
    ],
    [
        3702,
        5802
    ],
    [
        3703,
        5802
    ],
    [
        3704,
        5802
    ],
    [
        3705,
        5802
    ],
    [
        3706,
        5802
    ],
    [
        3707,
        5802
    ],
    [
        3708,
        5802
    ],
    [
        3709,
        5802
    ],
    [
        3710,
        5802
    ],
    [
        3711,
        5819
    ],
    [
        3712,
        5819
    ],
    [
        3713,
        5819
    ],
    [
        3714,
        5819
    ],
    [
        3715,
        5819
    ],
    [
        3716,
        5819
    ],
    [
        3717,
        5819
    ],
    [
        3718,
        5819
    ],
    [
        3719,
        5819
    ],
    [
        3720,
        5819
    ],
    [
        3721,
        5806
    ],
    [
        3722,
        5806
    ],
    [
        3723,
        5806
    ],
    [
        3724,
        5806
    ],
    [
        3725,
        5806
    ],
    [
        3726,
        5806
    ],
    [
        3727,
        5806
    ],
    [
        3728,
        5806
    ],
    [
        3729,
        5806
    ],
    [
        3730,
        5806
    ],
    [
        3731,
        5829
    ],
    [
        3732,
        5829
    ],
    [
        3733,
        5829
    ],
    [
        3734,
        5829
    ],
    [
        3735,
        5829
    ],
    [
        3736,
        5829
    ],
    [
        3737,
        5829
    ],
    [
        3738,
        5829
    ],
    [
        3739,
        5829
    ],
    [
        3740,
        5829
    ],
    [
        3741,
        5834
    ],
    [
        3742,
        5834
    ],
    [
        3743,
        5834
    ],
    [
        3744,
        5834
    ],
    [
        3745,
        5834
    ],
    [
        3746,
        5834
    ],
    [
        3747,
        5834
    ],
    [
        3748,
        5835
    ],
    [
        3749,
        5835
    ],
    [
        3750,
        5835
    ],
    [
        3751,
        5835
    ],
    [
        3752,
        5835
    ],
    [
        3753,
        5835
    ],
    [
        3754,
        5835
    ],
    [
        3755,
        5835
    ],
    [
        3756,
        5835
    ],
    [
        3757,
        5835
    ],
    [
        3758,
        5835
    ],
    [
        3759,
        5835
    ],
    [
        3760,
        5835
    ],
    [
        3761,
        5836
    ],
    [
        3762,
        5836
    ],
    [
        3763,
        5836
    ],
    [
        3764,
        5836
    ],
    [
        3765,
        5836
    ],
    [
        3766,
        5836
    ],
    [
        3767,
        5836
    ],
    [
        3768,
        5836
    ],
    [
        3769,
        5836
    ],
    [
        3770,
        5836
    ],
    [
        3771,
        5836
    ],
    [
        3772,
        5836
    ],
    [
        3773,
        5836
    ],
    [
        3774,
        5836
    ],
    [
        3775,
        5836
    ],
    [
        3776,
        5836
    ],
    [
        3777,
        5836
    ],
    [
        3778,
        5836
    ],
    [
        3779,
        5836
    ],
    [
        3780,
        5836
    ],
    [
        3781,
        5836
    ],
    [
        3782,
        5836
    ],
    [
        3783,
        5836
    ],
    [
        3784,
        5836
    ],
    [
        3785,
        5836
    ],
    [
        3786,
        5836
    ],
    [
        3787,
        5836
    ],
    [
        3788,
        5836
    ],
    [
        3789,
        5836
    ],
    [
        3790,
        5836
    ],
    [
        3791,
        5836
    ],
    [
        3792,
        5836
    ],
    [
        3793,
        5836
    ],
    [
        3794,
        5836
    ],
    [
        3795,
        5836
    ],
    [
        3796,
        5836
    ],
    [
        3797,
        5836
    ],
    [
        3798,
        5836
    ],
    [
        3799,
        5836
    ],
    [
        3800,
        5836
    ],
    [
        3801,
        5836
    ],
    [
        3802,
        5836
    ],
    [
        3803,
        5836
    ],
    [
        3804,
        5836
    ],
    [
        3805,
        5836
    ],
    [
        3806,
        5836
    ],
    [
        3807,
        5836
    ],
    [
        3808,
        5836
    ],
    [
        3809,
        5836
    ],
    [
        3810,
        5836
    ],
    [
        3811,
        5836
    ],
    [
        3812,
        5836
    ],
    [
        3813,
        5836
    ],
    [
        3814,
        5836
    ],
    [
        3815,
        5836
    ],
    [
        3816,
        5836
    ],
    [
        3817,
        5836
    ],
    [
        3818,
        5836
    ],
    [
        3819,
        5836
    ],
    [
        3820,
        5861
    ],
    [
        3821,
        5861
    ],
    [
        3822,
        5861
    ],
    [
        3823,
        5861
    ],
    [
        3824,
        5861
    ],
    [
        3825,
        5861
    ],
    [
        3826,
        5861
    ],
    [
        3827,
        5861
    ],
    [
        3828,
        5861
    ],
    [
        3829,
        5861
    ],
    [
        3830,
        5868
    ],
    [
        3831,
        5868
    ],
    [
        3832,
        5868
    ],
    [
        3833,
        5868
    ],
    [
        3834,
        5868
    ],
    [
        3835,
        5868
    ],
    [
        3836,
        5868
    ],
    [
        3837,
        5868
    ],
    [
        3838,
        5868
    ],
    [
        3839,
        5868
    ],
    [
        3840,
        5869
    ],
    [
        3841,
        5869
    ],
    [
        3842,
        5869
    ],
    [
        3843,
        5869
    ],
    [
        3844,
        5869
    ],
    [
        3845,
        5869
    ],
    [
        3846,
        5869
    ],
    [
        3847,
        5869
    ],
    [
        3848,
        5869
    ],
    [
        3849,
        5869
    ],
    [
        3850,
        5870
    ],
    [
        3851,
        5870
    ],
    [
        3852,
        5870
    ],
    [
        3853,
        5870
    ],
    [
        3854,
        5870
    ],
    [
        3855,
        5870
    ],
    [
        3856,
        5870
    ],
    [
        3857,
        5870
    ],
    [
        3858,
        5870
    ],
    [
        3859,
        5870
    ],
    [
        3860,
        5870
    ],
    [
        3861,
        5870
    ],
    [
        3862,
        5870
    ],
    [
        3863,
        5870
    ],
    [
        3864,
        5870
    ],
    [
        3865,
        5870
    ],
    [
        3866,
        5870
    ],
    [
        3867,
        5870
    ],
    [
        3868,
        5870
    ],
    [
        3869,
        5870
    ],
    [
        3870,
        5870
    ],
    [
        3871,
        5870
    ],
    [
        3872,
        5870
    ],
    [
        3873,
        5870
    ],
    [
        3874,
        5870
    ],
    [
        3875,
        5870
    ],
    [
        3876,
        5870
    ],
    [
        3877,
        5870
    ],
    [
        3878,
        5870
    ],
    [
        3879,
        5870
    ],
    [
        3880,
        5870
    ],
    [
        3881,
        5870
    ],
    [
        3882,
        5870
    ],
    [
        3883,
        5870
    ],
    [
        3884,
        5870
    ],
    [
        3885,
        5870
    ],
    [
        3886,
        5870
    ],
    [
        3887,
        5870
    ],
    [
        3888,
        5870
    ],
    [
        3889,
        5870
    ],
    [
        3890,
        5870
    ],
    [
        3891,
        5870
    ],
    [
        3892,
        5870
    ],
    [
        3893,
        5870
    ],
    [
        3894,
        5870
    ],
    [
        3895,
        5870
    ],
    [
        3896,
        5870
    ],
    [
        3897,
        5870
    ],
    [
        3898,
        5870
    ],
    [
        3899,
        5870
    ],
    [
        3900,
        5870
    ],
    [
        3901,
        5870
    ],
    [
        3902,
        5870
    ],
    [
        3903,
        5870
    ],
    [
        3904,
        5870
    ],
    [
        3905,
        5870
    ],
    [
        3906,
        5870
    ],
    [
        3907,
        5870
    ],
    [
        3908,
        5870
    ],
    [
        3909,
        5870
    ],
    [
        3910,
        5870
    ],
    [
        3911,
        5870
    ],
    [
        3912,
        5870
    ],
    [
        3913,
        5870
    ],
    [
        3914,
        5870
    ],
    [
        3915,
        5870
    ],
    [
        3916,
        5870
    ],
    [
        3917,
        5870
    ],
    [
        3918,
        5870
    ],
    [
        3919,
        5870
    ],
    [
        3920,
        5870
    ],
    [
        3921,
        5870
    ],
    [
        3922,
        5870
    ],
    [
        3923,
        5870
    ],
    [
        3924,
        5870
    ],
    [
        3925,
        5870
    ],
    [
        3926,
        5870
    ],
    [
        3927,
        5870
    ],
    [
        3928,
        5870
    ],
    [
        3929,
        5870
    ],
    [
        3930,
        5870
    ],
    [
        3931,
        5870
    ],
    [
        3932,
        5870
    ],
    [
        3933,
        5870
    ],
    [
        3934,
        5870
    ],
    [
        3935,
        5870
    ],
    [
        3936,
        5870
    ],
    [
        3937,
        5870
    ],
    [
        3938,
        5870
    ],
    [
        3939,
        5870
    ],
    [
        3940,
        5870
    ],
    [
        3941,
        5870
    ],
    [
        3942,
        5870
    ],
    [
        3943,
        5870
    ],
    [
        3944,
        5870
    ],
    [
        3945,
        5870
    ],
    [
        3946,
        5870
    ],
    [
        3947,
        5870
    ],
    [
        3948,
        5870
    ],
    [
        3949,
        5870
    ],
    [
        3950,
        5895
    ],
    [
        3951,
        5895
    ],
    [
        3952,
        5895
    ],
    [
        3953,
        5895
    ],
    [
        3954,
        5895
    ],
    [
        3955,
        5895
    ],
    [
        3956,
        5895
    ],
    [
        3957,
        5895
    ],
    [
        3958,
        5895
    ],
    [
        3959,
        5895
    ],
    [
        3960,
        5902
    ],
    [
        3961,
        5902
    ],
    [
        3962,
        5902
    ],
    [
        3963,
        5902
    ],
    [
        3964,
        5902
    ],
    [
        3965,
        5902
    ],
    [
        3966,
        5902
    ],
    [
        3967,
        5902
    ],
    [
        3968,
        5902
    ],
    [
        3969,
        5902
    ],
    [
        3970,
        5903
    ],
    [
        3971,
        5903
    ],
    [
        3972,
        5903
    ],
    [
        3973,
        5903
    ],
    [
        3974,
        5903
    ],
    [
        3975,
        5903
    ],
    [
        3976,
        5903
    ],
    [
        3977,
        5903
    ],
    [
        3978,
        5903
    ],
    [
        3979,
        5903
    ],
    [
        3980,
        5904
    ],
    [
        3981,
        5904
    ],
    [
        3982,
        5904
    ],
    [
        3983,
        5904
    ],
    [
        3984,
        5904
    ],
    [
        3985,
        5904
    ],
    [
        3986,
        5904
    ],
    [
        3987,
        5904
    ],
    [
        3988,
        5904
    ],
    [
        3989,
        5904
    ],
    [
        3990,
        5929
    ],
    [
        3991,
        5929
    ],
    [
        3992,
        5929
    ],
    [
        3993,
        5929
    ],
    [
        3994,
        5929
    ],
    [
        3995,
        5929
    ],
    [
        3996,
        5929
    ],
    [
        3997,
        5929
    ],
    [
        3998,
        5929
    ],
    [
        3999,
        5929
    ],
    [
        4000,
        5929
    ],
    [
        4001,
        5936
    ],
    [
        4002,
        5936
    ],
    [
        4003,
        5936
    ],
    [
        4004,
        5936
    ],
    [
        4005,
        5936
    ],
    [
        4006,
        5936
    ],
    [
        4007,
        5936
    ],
    [
        4008,
        5936
    ],
    [
        4009,
        5936
    ],
    [
        4010,
        5936
    ],
    [
        4011,
        5937
    ],
    [
        4012,
        5937
    ],
    [
        4013,
        5937
    ],
    [
        4014,
        5937
    ],
    [
        4015,
        5937
    ],
    [
        4016,
        5937
    ],
    [
        4017,
        5937
    ],
    [
        4018,
        5937
    ],
    [
        4019,
        5937
    ],
    [
        4020,
        5937
    ],
    [
        4021,
        5963
    ],
    [
        4022,
        5963
    ],
    [
        4023,
        5963
    ],
    [
        4024,
        5963
    ],
    [
        4025,
        5963
    ],
    [
        4026,
        5963
    ],
    [
        4027,
        5963
    ],
    [
        4028,
        5963
    ],
    [
        4029,
        5985
    ],
    [
        4030,
        5985
    ],
    [
        4031,
        5985
    ],
    [
        4032,
        5985
    ],
    [
        4033,
        5985
    ],
    [
        4034,
        5985
    ],
    [
        4035,
        5985
    ],
    [
        4036,
        5985
    ],
    [
        4037,
        5985
    ],
    [
        4038,
        5985
    ],
    [
        4039,
        6027
    ],
    [
        4040,
        6027
    ],
    [
        4041,
        6027
    ],
    [
        4042,
        6027
    ],
    [
        4043,
        6027
    ],
    [
        4044,
        6027
    ],
    [
        4045,
        6027
    ],
    [
        4046,
        6027
    ],
    [
        4047,
        6027
    ],
    [
        4048,
        6027
    ],
    [
        4049,
        6027
    ],
    [
        4050,
        6069
    ],
    [
        4051,
        6069
    ],
    [
        4052,
        6069
    ],
    [
        4053,
        6069
    ],
    [
        4054,
        6069
    ],
    [
        4055,
        6069
    ],
    [
        4056,
        6069
    ],
    [
        4057,
        6069
    ],
    [
        4058,
        6069
    ],
    [
        4059,
        6069
    ],
    [
        4060,
        6089
    ],
    [
        4061,
        6089
    ],
    [
        4062,
        6089
    ],
    [
        4063,
        6089
    ],
    [
        4064,
        6089
    ],
    [
        4065,
        6089
    ],
    [
        4066,
        6089
    ],
    [
        4067,
        6089
    ],
    [
        4068,
        6104
    ],
    [
        4069,
        6104
    ],
    [
        4070,
        6104
    ],
    [
        4071,
        6104
    ],
    [
        4072,
        6104
    ],
    [
        4073,
        6104
    ],
    [
        4074,
        6104
    ],
    [
        4075,
        6104
    ],
    [
        4076,
        6104
    ],
    [
        4077,
        6104
    ],
    [
        4078,
        6104
    ],
    [
        4079,
        6104
    ],
    [
        4080,
        6134
    ],
    [
        4081,
        6134
    ],
    [
        4082,
        6134
    ],
    [
        4083,
        6134
    ],
    [
        4084,
        6134
    ],
    [
        4085,
        6134
    ],
    [
        4086,
        6134
    ],
    [
        4087,
        6134
    ],
    [
        4088,
        6134
    ],
    [
        4089,
        6134
    ],
    [
        4090,
        6138
    ],
    [
        4091,
        6138
    ],
    [
        4092,
        6138
    ],
    [
        4093,
        6138
    ],
    [
        4094,
        6138
    ],
    [
        4095,
        6138
    ],
    [
        4096,
        6138
    ],
    [
        4097,
        6138
    ],
    [
        4098,
        6138
    ],
    [
        4099,
        6138
    ],
    [
        4100,
        6159
    ],
    [
        4101,
        6159
    ],
    [
        4102,
        6159
    ],
    [
        4103,
        6159
    ],
    [
        4104,
        6159
    ],
    [
        4105,
        6159
    ],
    [
        4106,
        6159
    ],
    [
        4107,
        6159
    ],
    [
        4108,
        6159
    ],
    [
        4109,
        6159
    ],
    [
        4110,
        6173
    ],
    [
        4111,
        6173
    ],
    [
        4112,
        6173
    ],
    [
        4113,
        6173
    ],
    [
        4114,
        6173
    ],
    [
        4115,
        6173
    ],
    [
        4116,
        6173
    ],
    [
        4117,
        6173
    ],
    [
        4118,
        6173
    ],
    [
        4119,
        6173
    ],
    [
        4120,
        6193
    ],
    [
        4121,
        6193
    ],
    [
        4122,
        6193
    ],
    [
        4123,
        6193
    ],
    [
        4124,
        6193
    ],
    [
        4125,
        6193
    ],
    [
        4126,
        6193
    ],
    [
        4127,
        6193
    ],
    [
        4128,
        6193
    ],
    [
        4129,
        6193
    ],
    [
        4130,
        6206
    ],
    [
        4131,
        6206
    ],
    [
        4132,
        6206
    ],
    [
        4133,
        6206
    ],
    [
        4134,
        6206
    ],
    [
        4135,
        6206
    ],
    [
        4136,
        6206
    ],
    [
        4137,
        6206
    ],
    [
        4138,
        6206
    ],
    [
        4139,
        6206
    ],
    [
        4140,
        6210
    ],
    [
        4141,
        6210
    ],
    [
        4142,
        6210
    ],
    [
        4143,
        6210
    ],
    [
        4144,
        6210
    ],
    [
        4145,
        6210
    ],
    [
        4146,
        6210
    ],
    [
        4147,
        6210
    ],
    [
        4148,
        6210
    ],
    [
        4149,
        6210
    ],
    [
        4150,
        6210
    ],
    [
        4151,
        6210
    ],
    [
        4152,
        6210
    ],
    [
        4153,
        6210
    ],
    [
        4154,
        6210
    ],
    [
        4155,
        6210
    ],
    [
        4156,
        6210
    ],
    [
        4157,
        6210
    ],
    [
        4158,
        6210
    ],
    [
        4159,
        6211
    ],
    [
        4160,
        6211
    ],
    [
        4161,
        6211
    ],
    [
        4162,
        6211
    ],
    [
        4163,
        6211
    ],
    [
        4164,
        6211
    ],
    [
        4165,
        6211
    ],
    [
        4166,
        6211
    ],
    [
        4167,
        6211
    ],
    [
        4168,
        6211
    ],
    [
        4169,
        6211
    ],
    [
        4170,
        6211
    ],
    [
        4171,
        6211
    ],
    [
        4172,
        6211
    ],
    [
        4173,
        6211
    ],
    [
        4174,
        6211
    ],
    [
        4175,
        6211
    ],
    [
        4176,
        6211
    ],
    [
        4177,
        6211
    ],
    [
        4178,
        6211
    ],
    [
        4179,
        6236
    ],
    [
        4180,
        6236
    ],
    [
        4181,
        6236
    ],
    [
        4182,
        6236
    ],
    [
        4183,
        6236
    ],
    [
        4184,
        6236
    ],
    [
        4185,
        6236
    ],
    [
        4186,
        6236
    ],
    [
        4187,
        6236
    ],
    [
        4188,
        6236
    ],
    [
        4189,
        6236
    ],
    [
        4190,
        6236
    ],
    [
        4191,
        6218
    ],
    [
        4192,
        6218
    ],
    [
        4193,
        6218
    ],
    [
        4194,
        6218
    ],
    [
        4195,
        6218
    ],
    [
        4196,
        6218
    ],
    [
        4197,
        6218
    ],
    [
        4198,
        6218
    ],
    [
        4199,
        6232
    ],
    [
        4200,
        6232
    ],
    [
        4201,
        6232
    ],
    [
        4202,
        6232
    ],
    [
        4203,
        6232
    ],
    [
        4204,
        6232
    ],
    [
        4205,
        6232
    ],
    [
        4206,
        6232
    ],
    [
        4207,
        6232
    ],
    [
        4208,
        6232
    ],
    [
        4209,
        6242
    ],
    [
        4210,
        6242
    ],
    [
        4211,
        6242
    ],
    [
        4212,
        6242
    ],
    [
        4213,
        6242
    ],
    [
        4214,
        6242
    ],
    [
        4215,
        6242
    ],
    [
        4216,
        6242
    ],
    [
        4217,
        6242
    ],
    [
        4218,
        6242
    ],
    [
        4219,
        6244
    ],
    [
        4220,
        6244
    ],
    [
        4221,
        6244
    ],
    [
        4222,
        6244
    ],
    [
        4223,
        6244
    ],
    [
        4224,
        6244
    ],
    [
        4225,
        6244
    ],
    [
        4226,
        6244
    ],
    [
        4227,
        6244
    ],
    [
        4228,
        6244
    ],
    [
        4229,
        6245
    ],
    [
        4230,
        6245
    ],
    [
        4231,
        6245
    ],
    [
        4232,
        6245
    ],
    [
        4233,
        6245
    ],
    [
        4234,
        6245
    ],
    [
        4235,
        6245
    ],
    [
        4236,
        6245
    ],
    [
        4237,
        6245
    ],
    [
        4238,
        6245
    ],
    [
        4239,
        6245
    ],
    [
        4240,
        6245
    ],
    [
        4241,
        6245
    ],
    [
        4242,
        6245
    ],
    [
        4243,
        6245
    ],
    [
        4244,
        6245
    ],
    [
        4245,
        6245
    ],
    [
        4246,
        6245
    ],
    [
        4247,
        6245
    ],
    [
        4248,
        6245
    ],
    [
        4249,
        6245
    ],
    [
        4250,
        6245
    ],
    [
        4251,
        6245
    ],
    [
        4252,
        6245
    ],
    [
        4253,
        6245
    ],
    [
        4254,
        6245
    ],
    [
        4255,
        6245
    ],
    [
        4256,
        6245
    ],
    [
        4257,
        6245
    ],
    [
        4258,
        6245
    ],
    [
        4259,
        6245
    ],
    [
        4260,
        6245
    ],
    [
        4261,
        6245
    ],
    [
        4262,
        6245
    ],
    [
        4263,
        6245
    ],
    [
        4264,
        6245
    ],
    [
        4265,
        6245
    ],
    [
        4266,
        6245
    ],
    [
        4267,
        6245
    ],
    [
        4268,
        6245
    ],
    [
        4269,
        6245
    ],
    [
        4270,
        6219
    ],
    [
        4271,
        6219
    ],
    [
        4272,
        6219
    ],
    [
        4273,
        6219
    ],
    [
        4274,
        6219
    ],
    [
        4275,
        6219
    ],
    [
        4276,
        6219
    ],
    [
        4277,
        6219
    ],
    [
        4278,
        6219
    ],
    [
        4279,
        6219
    ],
    [
        4280,
        6242
    ],
    [
        4281,
        6242
    ],
    [
        4282,
        6242
    ],
    [
        4283,
        6242
    ],
    [
        4284,
        6242
    ],
    [
        4285,
        6242
    ],
    [
        4286,
        6242
    ],
    [
        4287,
        6242
    ],
    [
        4288,
        6242
    ],
    [
        4289,
        6242
    ],
    [
        4290,
        6244
    ],
    [
        4291,
        6244
    ],
    [
        4292,
        6244
    ],
    [
        4293,
        6244
    ],
    [
        4294,
        6244
    ],
    [
        4295,
        6244
    ],
    [
        4296,
        6244
    ],
    [
        4297,
        6244
    ],
    [
        4298,
        6244
    ],
    [
        4299,
        6244
    ],
    [
        4300,
        6244
    ],
    [
        4301,
        6245
    ],
    [
        4302,
        6245
    ],
    [
        4303,
        6245
    ],
    [
        4304,
        6245
    ],
    [
        4305,
        6245
    ],
    [
        4306,
        6245
    ],
    [
        4307,
        6245
    ],
    [
        4308,
        6245
    ],
    [
        4309,
        6245
    ],
    [
        4310,
        6245
    ],
    [
        4311,
        6245
    ],
    [
        4312,
        6245
    ],
    [
        4313,
        6245
    ],
    [
        4314,
        6245
    ],
    [
        4315,
        6245
    ],
    [
        4316,
        6245
    ],
    [
        4317,
        6245
    ],
    [
        4318,
        6245
    ],
    [
        4319,
        6245
    ],
    [
        4320,
        6245
    ],
    [
        4321,
        6245
    ],
    [
        4322,
        6245
    ],
    [
        4323,
        6245
    ],
    [
        4324,
        6245
    ],
    [
        4325,
        6245
    ],
    [
        4326,
        6245
    ],
    [
        4327,
        6245
    ],
    [
        4328,
        6245
    ],
    [
        4329,
        6245
    ],
    [
        4330,
        6228
    ],
    [
        4331,
        6228
    ],
    [
        4332,
        6228
    ],
    [
        4333,
        6228
    ],
    [
        4334,
        6228
    ],
    [
        4335,
        6228
    ],
    [
        4336,
        6228
    ],
    [
        4337,
        6228
    ],
    [
        4338,
        6228
    ],
    [
        4339,
        6228
    ],
    [
        4340,
        6232
    ],
    [
        4341,
        6232
    ],
    [
        4342,
        6232
    ],
    [
        4343,
        6232
    ],
    [
        4344,
        6232
    ],
    [
        4345,
        6232
    ],
    [
        4346,
        6232
    ],
    [
        4347,
        6232
    ],
    [
        4348,
        6232
    ],
    [
        4349,
        6232
    ],
    [
        4350,
        6232
    ],
    [
        4351,
        6242
    ],
    [
        4352,
        6242
    ],
    [
        4353,
        6242
    ],
    [
        4354,
        6242
    ],
    [
        4355,
        6242
    ],
    [
        4356,
        6242
    ],
    [
        4357,
        6242
    ],
    [
        4358,
        6242
    ],
    [
        4359,
        6242
    ],
    [
        4360,
        6242
    ],
    [
        4361,
        6244
    ],
    [
        4362,
        6244
    ],
    [
        4363,
        6244
    ],
    [
        4364,
        6244
    ],
    [
        4365,
        6244
    ],
    [
        4366,
        6244
    ],
    [
        4367,
        6244
    ],
    [
        4368,
        6244
    ],
    [
        4369,
        6244
    ],
    [
        4370,
        6244
    ],
    [
        4371,
        6245
    ],
    [
        4372,
        6245
    ],
    [
        4373,
        6245
    ],
    [
        4374,
        6245
    ],
    [
        4375,
        6245
    ],
    [
        4376,
        6245
    ],
    [
        4377,
        6245
    ],
    [
        4378,
        6245
    ],
    [
        4379,
        6245
    ],
    [
        4380,
        6245
    ],
    [
        4381,
        6245
    ],
    [
        4382,
        6245
    ],
    [
        4383,
        6245
    ],
    [
        4384,
        6245
    ],
    [
        4385,
        6245
    ],
    [
        4386,
        6245
    ],
    [
        4387,
        6245
    ],
    [
        4388,
        6245
    ],
    [
        4389,
        6245
    ],
    [
        4390,
        6245
    ],
    [
        4391,
        6245
    ],
    [
        4392,
        6245
    ],
    [
        4393,
        6245
    ],
    [
        4394,
        6245
    ],
    [
        4395,
        6245
    ],
    [
        4396,
        6245
    ],
    [
        4397,
        6245
    ],
    [
        4398,
        6245
    ],
    [
        4399,
        6245
    ],
    [
        4400,
        6245
    ],
    [
        4401,
        6245
    ],
    [
        4402,
        6245
    ],
    [
        4403,
        6245
    ],
    [
        4404,
        6245
    ],
    [
        4405,
        6245
    ],
    [
        4406,
        6245
    ],
    [
        4407,
        6245
    ],
    [
        4408,
        6245
    ],
    [
        4409,
        6245
    ],
    [
        4410,
        6245
    ],
    [
        4411,
        6245
    ],
    [
        4412,
        6245
    ],
    [
        4413,
        6245
    ],
    [
        4414,
        6245
    ],
    [
        4415,
        6245
    ],
    [
        4416,
        6245
    ],
    [
        4417,
        6245
    ],
    [
        4418,
        6245
    ],
    [
        4419,
        6245
    ],
    [
        4420,
        6245
    ],
    [
        4421,
        6245
    ],
    [
        4422,
        6245
    ],
    [
        4423,
        6245
    ],
    [
        4424,
        6245
    ],
    [
        4425,
        6245
    ],
    [
        4426,
        6245
    ],
    [
        4427,
        6245
    ],
    [
        4428,
        6245
    ],
    [
        4429,
        6245
    ],
    [
        4430,
        6245
    ],
    [
        4431,
        6245
    ],
    [
        4432,
        6245
    ],
    [
        4433,
        6245
    ],
    [
        4434,
        6245
    ],
    [
        4435,
        6245
    ],
    [
        4436,
        6245
    ],
    [
        4437,
        6245
    ],
    [
        4438,
        6245
    ],
    [
        4439,
        6245
    ],
    [
        4440,
        6245
    ],
    [
        4441,
        6245
    ],
    [
        4442,
        6245
    ],
    [
        4443,
        6245
    ],
    [
        4444,
        6245
    ],
    [
        4445,
        6245
    ],
    [
        4446,
        6245
    ],
    [
        4447,
        6245
    ],
    [
        4448,
        6245
    ],
    [
        4449,
        6245
    ],
    [
        4450,
        6245
    ],
    [
        4451,
        6245
    ],
    [
        4452,
        6245
    ],
    [
        4453,
        6245
    ],
    [
        4454,
        6245
    ],
    [
        4455,
        6245
    ],
    [
        4456,
        6245
    ],
    [
        4457,
        6245
    ],
    [
        4458,
        6245
    ],
    [
        4459,
        6245
    ],
    [
        4460,
        6245
    ],
    [
        4461,
        6245
    ],
    [
        4462,
        6245
    ],
    [
        4463,
        6245
    ],
    [
        4464,
        6245
    ],
    [
        4465,
        6245
    ],
    [
        4466,
        6245
    ],
    [
        4467,
        6245
    ],
    [
        4468,
        6245
    ],
    [
        4469,
        6245
    ],
    [
        4470,
        6245
    ],
    [
        4471,
        6245
    ],
    [
        4472,
        6245
    ],
    [
        4473,
        6245
    ],
    [
        4474,
        6245
    ],
    [
        4475,
        6245
    ],
    [
        4476,
        6245
    ],
    [
        4477,
        6245
    ],
    [
        4478,
        6245
    ],
    [
        4479,
        6245
    ],
    [
        4480,
        6219
    ],
    [
        4481,
        6219
    ],
    [
        4482,
        6219
    ],
    [
        4483,
        6219
    ],
    [
        4484,
        6219
    ],
    [
        4485,
        6219
    ],
    [
        4486,
        6219
    ],
    [
        4487,
        6219
    ],
    [
        4488,
        6219
    ],
    [
        4489,
        6219
    ],
    [
        4490,
        6239
    ],
    [
        4491,
        6239
    ],
    [
        4492,
        6239
    ],
    [
        4493,
        6239
    ],
    [
        4494,
        6239
    ],
    [
        4495,
        6239
    ],
    [
        4496,
        6239
    ],
    [
        4497,
        6239
    ],
    [
        4498,
        6239
    ],
    [
        4499,
        6239
    ],
    [
        4500,
        6239
    ],
    [
        4501,
        6243
    ],
    [
        4502,
        6243
    ],
    [
        4503,
        6243
    ],
    [
        4504,
        6243
    ],
    [
        4505,
        6243
    ],
    [
        4506,
        6243
    ],
    [
        4507,
        6243
    ],
    [
        4508,
        6243
    ],
    [
        4509,
        6243
    ],
    [
        4510,
        6243
    ],
    [
        4511,
        6245
    ],
    [
        4512,
        6245
    ],
    [
        4513,
        6245
    ],
    [
        4514,
        6245
    ],
    [
        4515,
        6245
    ],
    [
        4516,
        6245
    ],
    [
        4517,
        6245
    ],
    [
        4518,
        6245
    ],
    [
        4519,
        6245
    ],
    [
        4520,
        6245
    ],
    [
        4521,
        6245
    ],
    [
        4522,
        6245
    ],
    [
        4523,
        6245
    ],
    [
        4524,
        6245
    ],
    [
        4525,
        6245
    ],
    [
        4526,
        6245
    ],
    [
        4527,
        6245
    ],
    [
        4528,
        6245
    ],
    [
        4529,
        6245
    ],
    [
        4530,
        6245
    ],
    [
        4531,
        6245
    ],
    [
        4532,
        6245
    ],
    [
        4533,
        6245
    ],
    [
        4534,
        6245
    ],
    [
        4535,
        6245
    ],
    [
        4536,
        6245
    ],
    [
        4537,
        6245
    ],
    [
        4538,
        6245
    ],
    [
        4539,
        6245
    ],
    [
        4540,
        6245
    ],
    [
        4541,
        6245
    ],
    [
        4542,
        6245
    ],
    [
        4543,
        6245
    ],
    [
        4544,
        6245
    ],
    [
        4545,
        6245
    ],
    [
        4546,
        6245
    ],
    [
        4547,
        6245
    ],
    [
        4548,
        6245
    ],
    [
        4549,
        6245
    ],
    [
        4550,
        6245
    ],
    [
        4551,
        6245
    ],
    [
        4552,
        6245
    ],
    [
        4553,
        6245
    ],
    [
        4554,
        6245
    ],
    [
        4555,
        6245
    ],
    [
        4556,
        6245
    ],
    [
        4557,
        6245
    ],
    [
        4558,
        6245
    ],
    [
        4559,
        6245
    ],
    [
        4560,
        6245
    ],
    [
        4561,
        6245
    ],
    [
        4562,
        6245
    ],
    [
        4563,
        6245
    ],
    [
        4564,
        6245
    ],
    [
        4565,
        6245
    ],
    [
        4566,
        6245
    ],
    [
        4567,
        6245
    ],
    [
        4568,
        6245
    ],
    [
        4569,
        6245
    ],
    [
        4570,
        6245
    ],
    [
        4571,
        6245
    ],
    [
        4572,
        6245
    ],
    [
        4573,
        6245
    ],
    [
        4574,
        6245
    ],
    [
        4575,
        6245
    ],
    [
        4576,
        6245
    ],
    [
        4577,
        6245
    ],
    [
        4578,
        6245
    ],
    [
        4579,
        6245
    ],
    [
        4580,
        6245
    ],
    [
        4581,
        6245
    ],
    [
        4582,
        6245
    ],
    [
        4583,
        6245
    ],
    [
        4584,
        6245
    ],
    [
        4585,
        6245
    ],
    [
        4586,
        6245
    ],
    [
        4587,
        6245
    ],
    [
        4588,
        6245
    ],
    [
        4589,
        6245
    ],
    [
        4590,
        6245
    ],
    [
        4591,
        6245
    ],
    [
        4592,
        6245
    ],
    [
        4593,
        6245
    ],
    [
        4594,
        6245
    ],
    [
        4595,
        6245
    ],
    [
        4596,
        6245
    ],
    [
        4597,
        6245
    ],
    [
        4598,
        6245
    ],
    [
        4599,
        6245
    ],
    [
        4600,
        6245
    ],
    [
        4601,
        6245
    ],
    [
        4602,
        6245
    ],
    [
        4603,
        6245
    ],
    [
        4604,
        6245
    ],
    [
        4605,
        6245
    ],
    [
        4606,
        6245
    ],
    [
        4607,
        6245
    ],
    [
        4608,
        6245
    ],
    [
        4609,
        6245
    ],
    [
        4610,
        6245
    ],
    [
        4611,
        6245
    ],
    [
        4612,
        6245
    ],
    [
        4613,
        6245
    ],
    [
        4614,
        6245
    ],
    [
        4615,
        6245
    ],
    [
        4616,
        6245
    ],
    [
        4617,
        6245
    ],
    [
        4618,
        6245
    ],
    [
        4619,
        6245
    ],
    [
        4620,
        6245
    ],
    [
        4621,
        6245
    ],
    [
        4622,
        6245
    ],
    [
        4623,
        6245
    ],
    [
        4624,
        6245
    ],
    [
        4625,
        6245
    ],
    [
        4626,
        6245
    ],
    [
        4627,
        6245
    ],
    [
        4628,
        6245
    ],
    [
        4629,
        6245
    ],
    [
        4630,
        6245
    ],
    [
        4631,
        6245
    ],
    [
        4632,
        6245
    ],
    [
        4633,
        6245
    ],
    [
        4634,
        6245
    ],
    [
        4635,
        6245
    ],
    [
        4636,
        6245
    ],
    [
        4637,
        6245
    ],
    [
        4638,
        6245
    ],
    [
        4639,
        6245
    ],
    [
        4640,
        6245
    ],
    [
        4641,
        6245
    ],
    [
        4642,
        6245
    ],
    [
        4643,
        6245
    ],
    [
        4644,
        6245
    ],
    [
        4645,
        6245
    ],
    [
        4646,
        6245
    ],
    [
        4647,
        6245
    ],
    [
        4648,
        6245
    ],
    [
        4649,
        6245
    ],
    [
        4650,
        6245
    ],
    [
        4651,
        6245
    ],
    [
        4652,
        6245
    ],
    [
        4653,
        6245
    ],
    [
        4654,
        6245
    ],
    [
        4655,
        6245
    ],
    [
        4656,
        6245
    ],
    [
        4657,
        6245
    ],
    [
        4658,
        6245
    ],
    [
        4659,
        6245
    ],
    [
        4660,
        6245
    ],
    [
        4661,
        6245
    ],
    [
        4662,
        6245
    ],
    [
        4663,
        6245
    ],
    [
        4664,
        6245
    ],
    [
        4665,
        6245
    ],
    [
        4666,
        6245
    ],
    [
        4667,
        6245
    ],
    [
        4668,
        6245
    ],
    [
        4669,
        6245
    ],
    [
        4670,
        6245
    ],
    [
        4671,
        6245
    ],
    [
        4672,
        6245
    ],
    [
        4673,
        6245
    ],
    [
        4674,
        6245
    ],
    [
        4675,
        6245
    ],
    [
        4676,
        6245
    ],
    [
        4677,
        6245
    ],
    [
        4678,
        6245
    ],
    [
        4679,
        6245
    ],
    [
        4680,
        6245
    ],
    [
        4681,
        6245
    ],
    [
        4682,
        6245
    ],
    [
        4683,
        6245
    ],
    [
        4684,
        6245
    ],
    [
        4685,
        6245
    ],
    [
        4686,
        6245
    ],
    [
        4687,
        6245
    ],
    [
        4688,
        6245
    ],
    [
        4689,
        6245
    ],
    [
        4690,
        6245
    ],
    [
        4691,
        6245
    ],
    [
        4692,
        6245
    ],
    [
        4693,
        6245
    ],
    [
        4694,
        6245
    ],
    [
        4695,
        6245
    ],
    [
        4696,
        6245
    ],
    [
        4697,
        6245
    ],
    [
        4698,
        6245
    ],
    [
        4699,
        6245
    ],
    [
        4700,
        6245
    ],
    [
        4701,
        6245
    ],
    [
        4702,
        6245
    ],
    [
        4703,
        6245
    ],
    [
        4704,
        6245
    ],
    [
        4705,
        6245
    ],
    [
        4706,
        6245
    ],
    [
        4707,
        6245
    ],
    [
        4708,
        6245
    ],
    [
        4709,
        6245
    ],
    [
        4710,
        6245
    ],
    [
        4711,
        6245
    ],
    [
        4712,
        6245
    ],
    [
        4713,
        6245
    ],
    [
        4714,
        6245
    ],
    [
        4715,
        6245
    ],
    [
        4716,
        6245
    ],
    [
        4717,
        6245
    ],
    [
        4718,
        6245
    ],
    [
        4719,
        6245
    ],
    [
        4720,
        6245
    ],
    [
        4721,
        6245
    ],
    [
        4722,
        6245
    ],
    [
        4723,
        6245
    ],
    [
        4724,
        6245
    ],
    [
        4725,
        6245
    ],
    [
        4726,
        6245
    ],
    [
        4727,
        6245
    ],
    [
        4728,
        6245
    ],
    [
        4729,
        6245
    ],
    [
        4730,
        6245
    ],
    [
        4731,
        6245
    ],
    [
        4732,
        6245
    ],
    [
        4733,
        6245
    ],
    [
        4734,
        6245
    ],
    [
        4735,
        6245
    ],
    [
        4736,
        6245
    ],
    [
        4737,
        6245
    ],
    [
        4738,
        6245
    ],
    [
        4739,
        6245
    ],
    [
        4740,
        6245
    ],
    [
        4741,
        6245
    ],
    [
        4742,
        6245
    ],
    [
        4743,
        6245
    ],
    [
        4744,
        6245
    ],
    [
        4745,
        6245
    ],
    [
        4746,
        6245
    ],
    [
        4747,
        6245
    ],
    [
        4748,
        6245
    ],
    [
        4749,
        6245
    ],
    [
        4750,
        6245
    ],
    [
        4751,
        6245
    ],
    [
        4752,
        6245
    ],
    [
        4753,
        6245
    ],
    [
        4754,
        6245
    ],
    [
        4755,
        6245
    ],
    [
        4756,
        6245
    ],
    [
        4757,
        6245
    ],
    [
        4758,
        6245
    ],
    [
        4759,
        6245
    ],
    [
        4760,
        6245
    ],
    [
        4761,
        6245
    ],
    [
        4762,
        6245
    ],
    [
        4763,
        6245
    ],
    [
        4764,
        6245
    ],
    [
        4765,
        6245
    ],
    [
        4766,
        6245
    ],
    [
        4767,
        6245
    ],
    [
        4768,
        6245
    ],
    [
        4769,
        6245
    ],
    [
        4770,
        6245
    ],
    [
        4771,
        6245
    ],
    [
        4772,
        6245
    ],
    [
        4773,
        6245
    ],
    [
        4774,
        6245
    ],
    [
        4775,
        6245
    ],
    [
        4776,
        6245
    ],
    [
        4777,
        6245
    ],
    [
        4778,
        6245
    ],
    [
        4779,
        6245
    ],
    [
        4780,
        6245
    ],
    [
        4781,
        6245
    ],
    [
        4782,
        6245
    ],
    [
        4783,
        6245
    ],
    [
        4784,
        6245
    ],
    [
        4785,
        6245
    ],
    [
        4786,
        6245
    ],
    [
        4787,
        6245
    ],
    [
        4788,
        6245
    ],
    [
        4789,
        6245
    ],
    [
        4790,
        6245
    ],
    [
        4791,
        6245
    ],
    [
        4792,
        6245
    ],
    [
        4793,
        6245
    ],
    [
        4794,
        6245
    ],
    [
        4795,
        6245
    ],
    [
        4796,
        6245
    ],
    [
        4797,
        6245
    ],
    [
        4798,
        6245
    ],
    [
        4799,
        6245
    ],
    [
        4800,
        6245
    ],
    [
        4801,
        6245
    ],
    [
        4802,
        6245
    ],
    [
        4803,
        6245
    ],
    [
        4804,
        6245
    ],
    [
        4805,
        6245
    ],
    [
        4806,
        6245
    ],
    [
        4807,
        6245
    ],
    [
        4808,
        6245
    ],
    [
        4809,
        6245
    ],
    [
        4810,
        6245
    ],
    [
        4811,
        6245
    ],
    [
        4812,
        6245
    ],
    [
        4813,
        6245
    ],
    [
        4814,
        6245
    ],
    [
        4815,
        6245
    ],
    [
        4816,
        6245
    ],
    [
        4817,
        6245
    ],
    [
        4818,
        6245
    ],
    [
        4819,
        6245
    ],
    [
        4820,
        6245
    ],
    [
        4821,
        6245
    ],
    [
        4822,
        6245
    ],
    [
        4823,
        6245
    ],
    [
        4824,
        6245
    ],
    [
        4825,
        6245
    ],
    [
        4826,
        6245
    ],
    [
        4827,
        6245
    ],
    [
        4828,
        6245
    ],
    [
        4829,
        6245
    ],
    [
        4830,
        6245
    ],
    [
        4831,
        6245
    ],
    [
        4832,
        6245
    ],
    [
        4833,
        6245
    ],
    [
        4834,
        6245
    ],
    [
        4835,
        6245
    ],
    [
        4836,
        6245
    ],
    [
        4837,
        6245
    ],
    [
        4838,
        6245
    ],
    [
        4839,
        6245
    ],
    [
        4840,
        6245
    ],
    [
        4841,
        6245
    ],
    [
        4842,
        6245
    ],
    [
        4843,
        6245
    ],
    [
        4844,
        6245
    ],
    [
        4845,
        6245
    ],
    [
        4846,
        6245
    ],
    [
        4847,
        6245
    ],
    [
        4848,
        6245
    ],
    [
        4849,
        6245
    ],
    [
        4850,
        6245
    ],
    [
        4851,
        6245
    ],
    [
        4852,
        6245
    ],
    [
        4853,
        6245
    ],
    [
        4854,
        6245
    ],
    [
        4855,
        6245
    ],
    [
        4856,
        6245
    ],
    [
        4857,
        6245
    ],
    [
        4858,
        6245
    ],
    [
        4859,
        6245
    ],
    [
        4860,
        6245
    ],
    [
        4861,
        6245
    ],
    [
        4862,
        6245
    ],
    [
        4863,
        6245
    ],
    [
        4864,
        6245
    ],
    [
        4865,
        6245
    ],
    [
        4866,
        6245
    ],
    [
        4867,
        6245
    ],
    [
        4868,
        6245
    ],
    [
        4869,
        6245
    ],
    [
        4870,
        6245
    ],
    [
        4871,
        6245
    ],
    [
        4872,
        6245
    ],
    [
        4873,
        6245
    ],
    [
        4874,
        6245
    ],
    [
        4875,
        6245
    ],
    [
        4876,
        6245
    ],
    [
        4877,
        6245
    ],
    [
        4878,
        6245
    ],
    [
        4879,
        6245
    ],
    [
        4880,
        6245
    ],
    [
        4881,
        6245
    ],
    [
        4882,
        6245
    ],
    [
        4883,
        6245
    ],
    [
        4884,
        6245
    ],
    [
        4885,
        6245
    ],
    [
        4886,
        6245
    ],
    [
        4887,
        6245
    ],
    [
        4888,
        6245
    ],
    [
        4889,
        6245
    ],
    [
        4890,
        6245
    ],
    [
        4891,
        6245
    ],
    [
        4892,
        6245
    ],
    [
        4893,
        6245
    ],
    [
        4894,
        6245
    ],
    [
        4895,
        6245
    ],
    [
        4896,
        6245
    ],
    [
        4897,
        6245
    ],
    [
        4898,
        6245
    ],
    [
        4899,
        6245
    ],
    [
        4900,
        6245
    ],
    [
        4901,
        6245
    ],
    [
        4902,
        6245
    ],
    [
        4903,
        6245
    ],
    [
        4904,
        6245
    ],
    [
        4905,
        6245
    ],
    [
        4906,
        6245
    ],
    [
        4907,
        6245
    ],
    [
        4908,
        6245
    ],
    [
        4909,
        6245
    ],
    [
        4910,
        6245
    ],
    [
        4911,
        6245
    ],
    [
        4912,
        6245
    ],
    [
        4913,
        6245
    ],
    [
        4914,
        6245
    ],
    [
        4915,
        6245
    ],
    [
        4916,
        6245
    ],
    [
        4917,
        6245
    ],
    [
        4918,
        6245
    ],
    [
        4919,
        6245
    ],
    [
        4920,
        6245
    ],
    [
        4921,
        6245
    ],
    [
        4922,
        6245
    ],
    [
        4923,
        6245
    ],
    [
        4924,
        6245
    ],
    [
        4925,
        6245
    ],
    [
        4926,
        6245
    ],
    [
        4927,
        6245
    ],
    [
        4928,
        6245
    ],
    [
        4929,
        6245
    ],
    [
        4930,
        6245
    ],
    [
        4931,
        6245
    ],
    [
        4932,
        6245
    ],
    [
        4933,
        6245
    ],
    [
        4934,
        6245
    ],
    [
        4935,
        6245
    ],
    [
        4936,
        6245
    ],
    [
        4937,
        6245
    ],
    [
        4938,
        6245
    ],
    [
        4939,
        6245
    ],
    [
        4940,
        6245
    ],
    [
        4941,
        6245
    ],
    [
        4942,
        6245
    ],
    [
        4943,
        6245
    ],
    [
        4944,
        6245
    ],
    [
        4945,
        6245
    ],
    [
        4946,
        6245
    ],
    [
        4947,
        6245
    ],
    [
        4948,
        6245
    ],
    [
        4949,
        6245
    ],
    [
        4950,
        6245
    ],
    [
        4951,
        6245
    ],
    [
        4952,
        6245
    ],
    [
        4953,
        6245
    ],
    [
        4954,
        6245
    ],
    [
        4955,
        6245
    ],
    [
        4956,
        6245
    ],
    [
        4957,
        6245
    ],
    [
        4958,
        6245
    ],
    [
        4959,
        6245
    ],
    [
        4960,
        6245
    ],
    [
        4961,
        6245
    ],
    [
        4962,
        6245
    ],
    [
        4963,
        6245
    ],
    [
        4964,
        6245
    ],
    [
        4965,
        6245
    ],
    [
        4966,
        6245
    ],
    [
        4967,
        6245
    ],
    [
        4968,
        6245
    ],
    [
        4969,
        6245
    ],
    [
        4970,
        6245
    ],
    [
        4971,
        6245
    ],
    [
        4972,
        6245
    ],
    [
        4973,
        6245
    ],
    [
        4974,
        6245
    ],
    [
        4975,
        6245
    ],
    [
        4976,
        6245
    ],
    [
        4977,
        6245
    ],
    [
        4978,
        6245
    ],
    [
        4979,
        6245
    ],
    [
        4980,
        6245
    ],
    [
        4981,
        6245
    ],
    [
        4982,
        6245
    ],
    [
        4983,
        6245
    ],
    [
        4984,
        6245
    ],
    [
        4985,
        6245
    ],
    [
        4986,
        6245
    ],
    [
        4987,
        6245
    ],
    [
        4988,
        6245
    ],
    [
        4989,
        6245
    ],
    [
        4990,
        6245
    ],
    [
        4991,
        6245
    ],
    [
        4992,
        6245
    ],
    [
        4993,
        6245
    ],
    [
        4994,
        6245
    ],
    [
        4995,
        6245
    ],
    [
        4996,
        6245
    ],
    [
        4997,
        6245
    ],
    [
        4998,
        6245
    ],
    [
        4999,
        6245
    ],
    [
        5000,
        6245
    ],
    [
        5001,
        6245
    ],
    [
        5002,
        6245
    ],
    [
        5003,
        6245
    ],
    [
        5004,
        6245
    ],
    [
        5005,
        6245
    ],
    [
        5006,
        6245
    ],
    [
        5007,
        6245
    ],
    [
        5008,
        6245
    ],
    [
        5009,
        6245
    ],
    [
        5010,
        6245
    ],
    [
        5011,
        6245
    ],
    [
        5012,
        6245
    ],
    [
        5013,
        6245
    ],
    [
        5014,
        6245
    ],
    [
        5015,
        6245
    ],
    [
        5016,
        6245
    ],
    [
        5017,
        6245
    ],
    [
        5018,
        6245
    ],
    [
        5019,
        6245
    ],
    [
        5020,
        6245
    ],
    [
        5021,
        6245
    ],
    [
        5022,
        6245
    ],
    [
        5023,
        6245
    ],
    [
        5024,
        6245
    ],
    [
        5025,
        6245
    ],
    [
        5026,
        6245
    ],
    [
        5027,
        6245
    ],
    [
        5028,
        6245
    ],
    [
        5029,
        6245
    ],
    [
        5030,
        6245
    ],
    [
        5031,
        6245
    ],
    [
        5032,
        6245
    ],
    [
        5033,
        6245
    ],
    [
        5034,
        6245
    ],
    [
        5035,
        6245
    ],
    [
        5036,
        6245
    ],
    [
        5037,
        6245
    ],
    [
        5038,
        6245
    ],
    [
        5039,
        6245
    ],
    [
        5040,
        6245
    ],
    [
        5041,
        6245
    ],
    [
        5042,
        6245
    ],
    [
        5043,
        6245
    ],
    [
        5044,
        6245
    ],
    [
        5045,
        6245
    ],
    [
        5046,
        6245
    ],
    [
        5047,
        6245
    ],
    [
        5048,
        6245
    ],
    [
        5049,
        6245
    ],
    [
        5050,
        6245
    ],
    [
        5051,
        6245
    ],
    [
        5052,
        6245
    ],
    [
        5053,
        6245
    ],
    [
        5054,
        6245
    ],
    [
        5055,
        6245
    ],
    [
        5056,
        6245
    ],
    [
        5057,
        6245
    ],
    [
        5058,
        6245
    ],
    [
        5059,
        6245
    ],
    [
        5060,
        6245
    ],
    [
        5061,
        6245
    ],
    [
        5062,
        6245
    ],
    [
        5063,
        6245
    ],
    [
        5064,
        6245
    ],
    [
        5065,
        6245
    ],
    [
        5066,
        6245
    ],
    [
        5067,
        6245
    ],
    [
        5068,
        6245
    ],
    [
        5069,
        6245
    ],
    [
        5070,
        6245
    ],
    [
        5071,
        6245
    ],
    [
        5072,
        6245
    ],
    [
        5073,
        6245
    ],
    [
        5074,
        6245
    ],
    [
        5075,
        6245
    ],
    [
        5076,
        6245
    ],
    [
        5077,
        6245
    ],
    [
        5078,
        6245
    ],
    [
        5079,
        6245
    ],
    [
        5080,
        6245
    ],
    [
        5081,
        6245
    ],
    [
        5082,
        6245
    ],
    [
        5083,
        6245
    ],
    [
        5084,
        6245
    ],
    [
        5085,
        6245
    ],
    [
        5086,
        6245
    ],
    [
        5087,
        6245
    ],
    [
        5088,
        6245
    ],
    [
        5089,
        6245
    ],
    [
        5090,
        6245
    ],
    [
        5091,
        6245
    ],
    [
        5092,
        6245
    ],
    [
        5093,
        6245
    ],
    [
        5094,
        6245
    ],
    [
        5095,
        6245
    ],
    [
        5096,
        6245
    ],
    [
        5097,
        6245
    ],
    [
        5098,
        6245
    ],
    [
        5099,
        6245
    ],
    [
        5100,
        6245
    ],
    [
        5101,
        6245
    ],
    [
        5102,
        6245
    ],
    [
        5103,
        6245
    ],
    [
        5104,
        6245
    ],
    [
        5105,
        6245
    ],
    [
        5106,
        6245
    ],
    [
        5107,
        6245
    ],
    [
        5108,
        6245
    ],
    [
        5109,
        6245
    ],
    [
        5110,
        6245
    ],
    [
        5111,
        6245
    ],
    [
        5112,
        6245
    ],
    [
        5113,
        6245
    ],
    [
        5114,
        6245
    ],
    [
        5115,
        6245
    ],
    [
        5116,
        6245
    ],
    [
        5117,
        6245
    ],
    [
        5118,
        6245
    ],
    [
        5119,
        6245
    ],
    [
        5120,
        6245
    ],
    [
        5121,
        6245
    ],
    [
        5122,
        6245
    ],
    [
        5123,
        6245
    ],
    [
        5124,
        6245
    ],
    [
        5125,
        6245
    ],
    [
        5126,
        6245
    ],
    [
        5127,
        6245
    ],
    [
        5128,
        6245
    ],
    [
        5129,
        6245
    ],
    [
        5130,
        6245
    ],
    [
        5131,
        6245
    ],
    [
        5132,
        6245
    ],
    [
        5133,
        6245
    ],
    [
        5134,
        6245
    ],
    [
        5135,
        6245
    ],
    [
        5136,
        6245
    ],
    [
        5137,
        6245
    ],
    [
        5138,
        6245
    ],
    [
        5139,
        6245
    ],
    [
        5140,
        6245
    ],
    [
        5141,
        6245
    ],
    [
        5142,
        6245
    ],
    [
        5143,
        6245
    ],
    [
        5144,
        6245
    ],
    [
        5145,
        6245
    ],
    [
        5146,
        6245
    ],
    [
        5147,
        6245
    ],
    [
        5148,
        6245
    ],
    [
        5149,
        6245
    ],
    [
        5150,
        6245
    ],
    [
        5151,
        6245
    ],
    [
        5152,
        6245
    ],
    [
        5153,
        6245
    ],
    [
        5154,
        6245
    ],
    [
        5155,
        6245
    ],
    [
        5156,
        6245
    ],
    [
        5157,
        6245
    ],
    [
        5158,
        6245
    ],
    [
        5159,
        6245
    ],
    [
        5160,
        6245
    ],
    [
        5161,
        6245
    ],
    [
        5162,
        6245
    ],
    [
        5163,
        6245
    ],
    [
        5164,
        6245
    ],
    [
        5165,
        6245
    ],
    [
        5166,
        6245
    ],
    [
        5167,
        6245
    ],
    [
        5168,
        6245
    ],
    [
        5169,
        6245
    ],
    [
        5170,
        6245
    ],
    [
        5171,
        6245
    ],
    [
        5172,
        6245
    ],
    [
        5173,
        6245
    ],
    [
        5174,
        6245
    ],
    [
        5175,
        6245
    ],
    [
        5176,
        6245
    ],
    [
        5177,
        6245
    ],
    [
        5178,
        6245
    ],
    [
        5179,
        6245
    ],
    [
        5180,
        6245
    ],
    [
        5181,
        6245
    ],
    [
        5182,
        6245
    ],
    [
        5183,
        6245
    ],
    [
        5184,
        6245
    ],
    [
        5185,
        6245
    ],
    [
        5186,
        6245
    ],
    [
        5187,
        6245
    ],
    [
        5188,
        6245
    ],
    [
        5189,
        6245
    ],
    [
        5190,
        6245
    ],
    [
        5191,
        6245
    ],
    [
        5192,
        6245
    ],
    [
        5193,
        6245
    ],
    [
        5194,
        6245
    ],
    [
        5195,
        6245
    ],
    [
        5196,
        6245
    ],
    [
        5197,
        6245
    ],
    [
        5198,
        6245
    ],
    [
        5199,
        6245
    ],
    [
        5200,
        6245
    ],
    [
        5201,
        6245
    ],
    [
        5202,
        6245
    ],
    [
        5203,
        6245
    ],
    [
        5204,
        6245
    ],
    [
        5205,
        6245
    ],
    [
        5206,
        6245
    ],
    [
        5207,
        6245
    ],
    [
        5208,
        6245
    ],
    [
        5209,
        6245
    ],
    [
        5210,
        6245
    ],
    [
        5211,
        6245
    ],
    [
        5212,
        6245
    ],
    [
        5213,
        6245
    ],
    [
        5214,
        6245
    ],
    [
        5215,
        6245
    ],
    [
        5216,
        6245
    ],
    [
        5217,
        6245
    ],
    [
        5218,
        6245
    ],
    [
        5219,
        6245
    ],
    [
        5220,
        6245
    ],
    [
        5221,
        6245
    ],
    [
        5222,
        6245
    ],
    [
        5223,
        6245
    ],
    [
        5224,
        6245
    ],
    [
        5225,
        6245
    ],
    [
        5226,
        6245
    ],
    [
        5227,
        6245
    ],
    [
        5228,
        6245
    ],
    [
        5229,
        6245
    ],
    [
        5230,
        6219
    ],
    [
        5231,
        6219
    ],
    [
        5232,
        6219
    ],
    [
        5233,
        6219
    ],
    [
        5234,
        6219
    ],
    [
        5235,
        6219
    ],
    [
        5236,
        6219
    ],
    [
        5237,
        6219
    ],
    [
        5238,
        6219
    ],
    [
        5239,
        6219
    ],
    [
        5240,
        6239
    ],
    [
        5241,
        6239
    ],
    [
        5242,
        6239
    ],
    [
        5243,
        6239
    ],
    [
        5244,
        6239
    ],
    [
        5245,
        6239
    ],
    [
        5246,
        6239
    ],
    [
        5247,
        6239
    ],
    [
        5248,
        6239
    ],
    [
        5249,
        6239
    ],
    [
        5250,
        6239
    ],
    [
        5251,
        6243
    ],
    [
        5252,
        6243
    ],
    [
        5253,
        6243
    ],
    [
        5254,
        6243
    ],
    [
        5255,
        6243
    ],
    [
        5256,
        6243
    ],
    [
        5257,
        6243
    ],
    [
        5258,
        6243
    ],
    [
        5259,
        6243
    ],
    [
        5260,
        6243
    ],
    [
        5261,
        6219
    ],
    [
        5262,
        6219
    ],
    [
        5263,
        6219
    ],
    [
        5264,
        6219
    ],
    [
        5265,
        6219
    ],
    [
        5266,
        6219
    ],
    [
        5267,
        6219
    ],
    [
        5268,
        6219
    ],
    [
        5269,
        6219
    ],
    [
        5270,
        6219
    ],
    [
        5271,
        6239
    ],
    [
        5272,
        6239
    ],
    [
        5273,
        6239
    ],
    [
        5274,
        6239
    ],
    [
        5275,
        6239
    ],
    [
        5276,
        6239
    ],
    [
        5277,
        6239
    ],
    [
        5278,
        6239
    ],
    [
        5279,
        6239
    ],
    [
        5280,
        6239
    ],
    [
        5281,
        6243
    ],
    [
        5282,
        6243
    ],
    [
        5283,
        6243
    ],
    [
        5284,
        6243
    ],
    [
        5285,
        6243
    ],
    [
        5286,
        6243
    ],
    [
        5287,
        6243
    ],
    [
        5288,
        6243
    ],
    [
        5289,
        6244
    ],
    [
        5290,
        6244
    ],
    [
        5291,
        6244
    ],
    [
        5292,
        6244
    ],
    [
        5293,
        6244
    ],
    [
        5294,
        6244
    ],
    [
        5295,
        6244
    ],
    [
        5296,
        6244
    ],
    [
        5297,
        6244
    ],
    [
        5298,
        6245
    ],
    [
        5299,
        6245
    ],
    [
        5300,
        6245
    ],
    [
        5301,
        6245
    ],
    [
        5302,
        6245
    ],
    [
        5303,
        6245
    ],
    [
        5304,
        6245
    ],
    [
        5305,
        6245
    ],
    [
        5306,
        6245
    ],
    [
        5307,
        6245
    ],
    [
        5308,
        6245
    ],
    [
        5309,
        6245
    ],
    [
        5310,
        6245
    ],
    [
        5311,
        6245
    ],
    [
        5312,
        6245
    ],
    [
        5313,
        6245
    ],
    [
        5314,
        6245
    ],
    [
        5315,
        6245
    ],
    [
        5316,
        6245
    ],
    [
        5317,
        6245
    ],
    [
        5318,
        6245
    ],
    [
        5319,
        6245
    ],
    [
        5320,
        6228
    ],
    [
        5321,
        6228
    ],
    [
        5322,
        6228
    ],
    [
        5323,
        6228
    ],
    [
        5324,
        6228
    ],
    [
        5325,
        6228
    ],
    [
        5326,
        6228
    ],
    [
        5327,
        6228
    ],
    [
        5328,
        6228
    ],
    [
        5329,
        6228
    ],
    [
        5330,
        6232
    ],
    [
        5331,
        6232
    ],
    [
        5332,
        6232
    ],
    [
        5333,
        6232
    ],
    [
        5334,
        6232
    ],
    [
        5335,
        6232
    ],
    [
        5336,
        6232
    ],
    [
        5337,
        6232
    ],
    [
        5338,
        6232
    ],
    [
        5339,
        6232
    ],
    [
        5340,
        6242
    ],
    [
        5341,
        6242
    ],
    [
        5342,
        6242
    ],
    [
        5343,
        6242
    ],
    [
        5344,
        6242
    ],
    [
        5345,
        6242
    ],
    [
        5346,
        6242
    ],
    [
        5347,
        6242
    ],
    [
        5348,
        6242
    ],
    [
        5349,
        6242
    ],
    [
        5350,
        6244
    ],
    [
        5351,
        6244
    ],
    [
        5352,
        6244
    ],
    [
        5353,
        6244
    ],
    [
        5354,
        6244
    ],
    [
        5355,
        6244
    ],
    [
        5356,
        6244
    ],
    [
        5357,
        6244
    ],
    [
        5358,
        6244
    ],
    [
        5359,
        6244
    ],
    [
        5360,
        6245
    ],
    [
        5361,
        6245
    ],
    [
        5362,
        6245
    ],
    [
        5363,
        6245
    ],
    [
        5364,
        6245
    ],
    [
        5365,
        6245
    ],
    [
        5366,
        6245
    ],
    [
        5367,
        6245
    ],
    [
        5368,
        6245
    ],
    [
        5369,
        6245
    ],
    [
        5370,
        6245
    ],
    [
        5371,
        6245
    ],
    [
        5372,
        6245
    ],
    [
        5373,
        6245
    ],
    [
        5374,
        6245
    ],
    [
        5375,
        6245
    ],
    [
        5376,
        6245
    ],
    [
        5377,
        6245
    ],
    [
        5378,
        6245
    ],
    [
        5379,
        6245
    ],
    [
        5380,
        6245
    ],
    [
        5381,
        6245
    ],
    [
        5382,
        6245
    ],
    [
        5383,
        6245
    ],
    [
        5384,
        6245
    ],
    [
        5385,
        6245
    ],
    [
        5386,
        6245
    ],
    [
        5387,
        6245
    ],
    [
        5388,
        6245
    ],
    [
        5389,
        6245
    ],
    [
        5390,
        6245
    ],
    [
        5391,
        6245
    ],
    [
        5392,
        6245
    ],
    [
        5393,
        6245
    ],
    [
        5394,
        6245
    ],
    [
        5395,
        6245
    ],
    [
        5396,
        6245
    ],
    [
        5397,
        6245
    ],
    [
        5398,
        6245
    ],
    [
        5399,
        6245
    ],
    [
        5400,
        6245
    ],
    [
        5401,
        6245
    ],
    [
        5402,
        6245
    ],
    [
        5403,
        6245
    ],
    [
        5404,
        6245
    ],
    [
        5405,
        6245
    ],
    [
        5406,
        6245
    ],
    [
        5407,
        6245
    ],
    [
        5408,
        6245
    ],
    [
        5409,
        6245
    ],
    [
        5410,
        6245
    ],
    [
        5411,
        6245
    ],
    [
        5412,
        6245
    ],
    [
        5413,
        6245
    ],
    [
        5414,
        6245
    ],
    [
        5415,
        6245
    ],
    [
        5416,
        6245
    ],
    [
        5417,
        6245
    ],
    [
        5418,
        6245
    ],
    [
        5419,
        6245
    ],
    [
        5420,
        6245
    ],
    [
        5421,
        6245
    ],
    [
        5422,
        6245
    ],
    [
        5423,
        6245
    ],
    [
        5424,
        6245
    ],
    [
        5425,
        6245
    ],
    [
        5426,
        6245
    ],
    [
        5427,
        6245
    ],
    [
        5428,
        6245
    ],
    [
        5429,
        6245
    ],
    [
        5430,
        6245
    ],
    [
        5431,
        6245
    ],
    [
        5432,
        6245
    ],
    [
        5433,
        6245
    ],
    [
        5434,
        6245
    ],
    [
        5435,
        6245
    ],
    [
        5436,
        6245
    ],
    [
        5437,
        6245
    ],
    [
        5438,
        6245
    ],
    [
        5439,
        6245
    ],
    [
        5440,
        6245
    ],
    [
        5441,
        6245
    ],
    [
        5442,
        6245
    ],
    [
        5443,
        6245
    ],
    [
        5444,
        6245
    ],
    [
        5445,
        6245
    ],
    [
        5446,
        6245
    ],
    [
        5447,
        6245
    ],
    [
        5448,
        6245
    ],
    [
        5449,
        6245
    ],
    [
        5450,
        6245
    ],
    [
        5451,
        6245
    ],
    [
        5452,
        6245
    ],
    [
        5453,
        6245
    ],
    [
        5454,
        6245
    ],
    [
        5455,
        6245
    ],
    [
        5456,
        6245
    ],
    [
        5457,
        6245
    ],
    [
        5458,
        6245
    ],
    [
        5459,
        6245
    ],
    [
        5460,
        6245
    ],
    [
        5461,
        6245
    ],
    [
        5462,
        6245
    ],
    [
        5463,
        6245
    ],
    [
        5464,
        6245
    ],
    [
        5465,
        6245
    ],
    [
        5466,
        6245
    ],
    [
        5467,
        6245
    ],
    [
        5468,
        6245
    ],
    [
        5469,
        6245
    ],
    [
        5470,
        6245
    ],
    [
        5471,
        6245
    ],
    [
        5472,
        6245
    ],
    [
        5473,
        6245
    ],
    [
        5474,
        6245
    ],
    [
        5475,
        6245
    ],
    [
        5476,
        6245
    ],
    [
        5477,
        6245
    ],
    [
        5478,
        6245
    ],
    [
        5479,
        6245
    ],
    [
        5480,
        6245
    ],
    [
        5481,
        6245
    ],
    [
        5482,
        6245
    ],
    [
        5483,
        6245
    ],
    [
        5484,
        6245
    ],
    [
        5485,
        6245
    ],
    [
        5486,
        6245
    ],
    [
        5487,
        6245
    ],
    [
        5488,
        6245
    ],
    [
        5489,
        6245
    ],
    [
        5490,
        6245
    ],
    [
        5491,
        6245
    ],
    [
        5492,
        6245
    ],
    [
        5493,
        6245
    ],
    [
        5494,
        6245
    ],
    [
        5495,
        6245
    ],
    [
        5496,
        6245
    ],
    [
        5497,
        6245
    ],
    [
        5498,
        6245
    ],
    [
        5499,
        6245
    ],
    [
        5500,
        6245
    ],
    [
        5501,
        6245
    ],
    [
        5502,
        6245
    ],
    [
        5503,
        6245
    ],
    [
        5504,
        6245
    ],
    [
        5505,
        6245
    ],
    [
        5506,
        6245
    ],
    [
        5507,
        6245
    ],
    [
        5508,
        6245
    ],
    [
        5509,
        6245
    ],
    [
        5510,
        6245
    ],
    [
        5511,
        6245
    ],
    [
        5512,
        6245
    ],
    [
        5513,
        6245
    ],
    [
        5514,
        6245
    ],
    [
        5515,
        6245
    ],
    [
        5516,
        6245
    ],
    [
        5517,
        6245
    ],
    [
        5518,
        6245
    ],
    [
        5519,
        6245
    ],
    [
        5520,
        6245
    ],
    [
        5521,
        6245
    ],
    [
        5522,
        6245
    ],
    [
        5523,
        6245
    ],
    [
        5524,
        6245
    ],
    [
        5525,
        6245
    ],
    [
        5526,
        6245
    ],
    [
        5527,
        6245
    ],
    [
        5528,
        6245
    ],
    [
        5529,
        6245
    ],
    [
        5530,
        6245
    ],
    [
        5531,
        6245
    ],
    [
        5532,
        6245
    ],
    [
        5533,
        6245
    ],
    [
        5534,
        6245
    ],
    [
        5535,
        6245
    ],
    [
        5536,
        6245
    ],
    [
        5537,
        6245
    ],
    [
        5538,
        6245
    ],
    [
        5539,
        6245
    ],
    [
        5540,
        6245
    ],
    [
        5541,
        6245
    ],
    [
        5542,
        6245
    ],
    [
        5543,
        6245
    ],
    [
        5544,
        6245
    ],
    [
        5545,
        6245
    ],
    [
        5546,
        6245
    ],
    [
        5547,
        6245
    ],
    [
        5548,
        6245
    ],
    [
        5549,
        6245
    ],
    [
        5550,
        6245
    ],
    [
        5551,
        6245
    ],
    [
        5552,
        6245
    ],
    [
        5553,
        6245
    ],
    [
        5554,
        6245
    ],
    [
        5555,
        6245
    ],
    [
        5556,
        6245
    ],
    [
        5557,
        6245
    ],
    [
        5558,
        6245
    ],
    [
        5559,
        6245
    ],
    [
        5560,
        6245
    ],
    [
        5561,
        6245
    ],
    [
        5562,
        6245
    ],
    [
        5563,
        6245
    ],
    [
        5564,
        6245
    ],
    [
        5565,
        6245
    ],
    [
        5566,
        6245
    ],
    [
        5567,
        6245
    ],
    [
        5568,
        6245
    ],
    [
        5569,
        6245
    ],
    [
        5570,
        6245
    ],
    [
        5571,
        6245
    ],
    [
        5572,
        6245
    ],
    [
        5573,
        6245
    ],
    [
        5574,
        6245
    ],
    [
        5575,
        6245
    ],
    [
        5576,
        6245
    ],
    [
        5577,
        6245
    ],
    [
        5578,
        6245
    ],
    [
        5579,
        6245
    ],
    [
        5580,
        6245
    ],
    [
        5581,
        6245
    ],
    [
        5582,
        6245
    ],
    [
        5583,
        6245
    ],
    [
        5584,
        6245
    ],
    [
        5585,
        6245
    ],
    [
        5586,
        6245
    ],
    [
        5587,
        6245
    ],
    [
        5588,
        6245
    ],
    [
        5589,
        6245
    ],
    [
        5590,
        6245
    ],
    [
        5591,
        6245
    ],
    [
        5592,
        6245
    ],
    [
        5593,
        6245
    ],
    [
        5594,
        6245
    ],
    [
        5595,
        6245
    ],
    [
        5596,
        6245
    ],
    [
        5597,
        6245
    ],
    [
        5598,
        6245
    ],
    [
        5599,
        6245
    ],
    [
        5600,
        6245
    ],
    [
        5601,
        6245
    ],
    [
        5602,
        6245
    ],
    [
        5603,
        6245
    ],
    [
        5604,
        6245
    ],
    [
        5605,
        6245
    ],
    [
        5606,
        6245
    ],
    [
        5607,
        6245
    ],
    [
        5608,
        6245
    ],
    [
        5609,
        6245
    ],
    [
        5610,
        6245
    ],
    [
        5611,
        6245
    ],
    [
        5612,
        6245
    ],
    [
        5613,
        6245
    ],
    [
        5614,
        6245
    ],
    [
        5615,
        6245
    ],
    [
        5616,
        6245
    ],
    [
        5617,
        6245
    ],
    [
        5618,
        6245
    ],
    [
        5619,
        6245
    ],
    [
        5620,
        6245
    ],
    [
        5621,
        6245
    ],
    [
        5622,
        6245
    ],
    [
        5623,
        6245
    ],
    [
        5624,
        6245
    ],
    [
        5625,
        6245
    ],
    [
        5626,
        6245
    ],
    [
        5627,
        6245
    ],
    [
        5628,
        6245
    ],
    [
        5629,
        6245
    ],
    [
        5630,
        6245
    ],
    [
        5631,
        6245
    ],
    [
        5632,
        6245
    ],
    [
        5633,
        6245
    ],
    [
        5634,
        6245
    ],
    [
        5635,
        6245
    ],
    [
        5636,
        6245
    ],
    [
        5637,
        6245
    ],
    [
        5638,
        6245
    ],
    [
        5639,
        6245
    ],
    [
        5640,
        6245
    ],
    [
        5641,
        6245
    ],
    [
        5642,
        6245
    ],
    [
        5643,
        6245
    ],
    [
        5644,
        6245
    ],
    [
        5645,
        6245
    ],
    [
        5646,
        6245
    ],
    [
        5647,
        6245
    ],
    [
        5648,
        6245
    ],
    [
        5649,
        6245
    ],
    [
        5650,
        6245
    ],
    [
        5651,
        6245
    ],
    [
        5652,
        6245
    ],
    [
        5653,
        6245
    ],
    [
        5654,
        6245
    ],
    [
        5655,
        6245
    ],
    [
        5656,
        6245
    ],
    [
        5657,
        6245
    ],
    [
        5658,
        6245
    ],
    [
        5659,
        6245
    ],
    [
        5660,
        6245
    ],
    [
        5661,
        6245
    ],
    [
        5662,
        6245
    ],
    [
        5663,
        6245
    ],
    [
        5664,
        6245
    ],
    [
        5665,
        6245
    ],
    [
        5666,
        6245
    ],
    [
        5667,
        6245
    ],
    [
        5668,
        6245
    ],
    [
        5669,
        6245
    ],
    [
        5670,
        6245
    ],
    [
        5671,
        6245
    ],
    [
        5672,
        6245
    ],
    [
        5673,
        6245
    ],
    [
        5674,
        6245
    ],
    [
        5675,
        6245
    ],
    [
        5676,
        6245
    ],
    [
        5677,
        6245
    ],
    [
        5678,
        6245
    ],
    [
        5679,
        6245
    ],
    [
        5680,
        6245
    ],
    [
        5681,
        6245
    ],
    [
        5682,
        6245
    ],
    [
        5683,
        6245
    ],
    [
        5684,
        6245
    ],
    [
        5685,
        6245
    ],
    [
        5686,
        6245
    ],
    [
        5687,
        6245
    ],
    [
        5688,
        6245
    ],
    [
        5689,
        6245
    ],
    [
        5690,
        6245
    ],
    [
        5691,
        6245
    ],
    [
        5692,
        6245
    ],
    [
        5693,
        6245
    ],
    [
        5694,
        6245
    ],
    [
        5695,
        6245
    ],
    [
        5696,
        6245
    ],
    [
        5697,
        6245
    ],
    [
        5698,
        6245
    ],
    [
        5699,
        6245
    ],
    [
        5700,
        6245
    ],
    [
        5701,
        6245
    ],
    [
        5702,
        6245
    ],
    [
        5703,
        6245
    ],
    [
        5704,
        6245
    ],
    [
        5705,
        6245
    ],
    [
        5706,
        6245
    ],
    [
        5707,
        6245
    ],
    [
        5708,
        6245
    ],
    [
        5709,
        6245
    ],
    [
        5710,
        6245
    ],
    [
        5711,
        6245
    ],
    [
        5712,
        6245
    ],
    [
        5713,
        6245
    ],
    [
        5714,
        6245
    ],
    [
        5715,
        6245
    ],
    [
        5716,
        6245
    ],
    [
        5717,
        6245
    ],
    [
        5718,
        6245
    ],
    [
        5719,
        6245
    ],
    [
        5720,
        6245
    ],
    [
        5721,
        6245
    ],
    [
        5722,
        6245
    ],
    [
        5723,
        6245
    ],
    [
        5724,
        6245
    ],
    [
        5725,
        6245
    ],
    [
        5726,
        6245
    ],
    [
        5727,
        6245
    ],
    [
        5728,
        6245
    ],
    [
        5729,
        6245
    ],
    [
        5730,
        6245
    ],
    [
        5731,
        6245
    ],
    [
        5732,
        6245
    ],
    [
        5733,
        6245
    ],
    [
        5734,
        6245
    ],
    [
        5735,
        6245
    ],
    [
        5736,
        6245
    ],
    [
        5737,
        6245
    ],
    [
        5738,
        6245
    ],
    [
        5739,
        6245
    ],
    [
        5740,
        6245
    ],
    [
        5741,
        6245
    ],
    [
        5742,
        6245
    ],
    [
        5743,
        6245
    ],
    [
        5744,
        6245
    ],
    [
        5745,
        6245
    ],
    [
        5746,
        6245
    ],
    [
        5747,
        6245
    ],
    [
        5748,
        6245
    ],
    [
        5749,
        6245
    ],
    [
        5750,
        6245
    ],
    [
        5751,
        6245
    ],
    [
        5752,
        6245
    ],
    [
        5753,
        6245
    ],
    [
        5754,
        6245
    ],
    [
        5755,
        6245
    ],
    [
        5756,
        6245
    ],
    [
        5757,
        6245
    ],
    [
        5758,
        6245
    ],
    [
        5759,
        6245
    ],
    [
        5760,
        6245
    ],
    [
        5761,
        6245
    ],
    [
        5762,
        6245
    ],
    [
        5763,
        6245
    ],
    [
        5764,
        6245
    ],
    [
        5765,
        6245
    ],
    [
        5766,
        6245
    ],
    [
        5767,
        6245
    ],
    [
        5768,
        6245
    ],
    [
        5769,
        6245
    ],
    [
        5770,
        6245
    ],
    [
        5771,
        6245
    ],
    [
        5772,
        6245
    ],
    [
        5773,
        6245
    ],
    [
        5774,
        6245
    ],
    [
        5775,
        6245
    ],
    [
        5776,
        6245
    ],
    [
        5777,
        6245
    ],
    [
        5778,
        6245
    ],
    [
        5779,
        6245
    ],
    [
        5780,
        6245
    ],
    [
        5781,
        6245
    ],
    [
        5782,
        6245
    ],
    [
        5783,
        6245
    ],
    [
        5784,
        6245
    ],
    [
        5785,
        6245
    ],
    [
        5786,
        6245
    ],
    [
        5787,
        6245
    ],
    [
        5788,
        6245
    ],
    [
        5789,
        6245
    ],
    [
        5790,
        6245
    ],
    [
        5791,
        6245
    ],
    [
        5792,
        6245
    ],
    [
        5793,
        6245
    ],
    [
        5794,
        6245
    ],
    [
        5795,
        6245
    ],
    [
        5796,
        6245
    ],
    [
        5797,
        6245
    ],
    [
        5798,
        6245
    ],
    [
        5799,
        6245
    ],
    [
        5800,
        6245
    ],
    [
        5801,
        6245
    ],
    [
        5802,
        6245
    ],
    [
        5803,
        6245
    ],
    [
        5804,
        6245
    ],
    [
        5805,
        6245
    ],
    [
        5806,
        6245
    ],
    [
        5807,
        6245
    ],
    [
        5808,
        6245
    ],
    [
        5809,
        6245
    ],
    [
        5810,
        6245
    ],
    [
        5811,
        6245
    ],
    [
        5812,
        6245
    ],
    [
        5813,
        6245
    ],
    [
        5814,
        6245
    ],
    [
        5815,
        6245
    ],
    [
        5816,
        6245
    ],
    [
        5817,
        6245
    ],
    [
        5818,
        6245
    ],
    [
        5819,
        6245
    ],
    [
        5820,
        6245
    ],
    [
        5821,
        6245
    ],
    [
        5822,
        6245
    ],
    [
        5823,
        6245
    ],
    [
        5824,
        6245
    ],
    [
        5825,
        6245
    ],
    [
        5826,
        6245
    ],
    [
        5827,
        6245
    ],
    [
        5828,
        6245
    ],
    [
        5829,
        6245
    ],
    [
        5830,
        6245
    ],
    [
        5831,
        6245
    ],
    [
        5832,
        6245
    ],
    [
        5833,
        6245
    ],
    [
        5834,
        6245
    ],
    [
        5835,
        6245
    ],
    [
        5836,
        6245
    ],
    [
        5837,
        6245
    ],
    [
        5838,
        6245
    ],
    [
        5839,
        6245
    ],
    [
        5840,
        6245
    ],
    [
        5841,
        6245
    ],
    [
        5842,
        6245
    ],
    [
        5843,
        6245
    ],
    [
        5844,
        6245
    ],
    [
        5845,
        6245
    ],
    [
        5846,
        6245
    ],
    [
        5847,
        6245
    ],
    [
        5848,
        6245
    ],
    [
        5849,
        6245
    ],
    [
        5850,
        6245
    ],
    [
        5851,
        6245
    ],
    [
        5852,
        6245
    ],
    [
        5853,
        6245
    ],
    [
        5854,
        6245
    ],
    [
        5855,
        6245
    ],
    [
        5856,
        6245
    ],
    [
        5857,
        6245
    ],
    [
        5858,
        6245
    ],
    [
        5859,
        6245
    ],
    [
        5860,
        6245
    ],
    [
        5861,
        6245
    ],
    [
        5862,
        6245
    ],
    [
        5863,
        6245
    ],
    [
        5864,
        6245
    ],
    [
        5865,
        6245
    ],
    [
        5866,
        6245
    ],
    [
        5867,
        6245
    ],
    [
        5868,
        6245
    ],
    [
        5869,
        6245
    ],
    [
        5870,
        6245
    ],
    [
        5871,
        6245
    ],
    [
        5872,
        6245
    ],
    [
        5873,
        6245
    ],
    [
        5874,
        6245
    ],
    [
        5875,
        6245
    ],
    [
        5876,
        6245
    ],
    [
        5877,
        6245
    ],
    [
        5878,
        6245
    ],
    [
        5879,
        6245
    ],
    [
        5880,
        6245
    ],
    [
        5881,
        6245
    ],
    [
        5882,
        6245
    ],
    [
        5883,
        6245
    ],
    [
        5884,
        6245
    ],
    [
        5885,
        6245
    ],
    [
        5886,
        6245
    ],
    [
        5887,
        6245
    ],
    [
        5888,
        6245
    ],
    [
        5889,
        6245
    ],
    [
        5890,
        6245
    ],
    [
        5891,
        6245
    ],
    [
        5892,
        6245
    ],
    [
        5893,
        6245
    ],
    [
        5894,
        6245
    ],
    [
        5895,
        6245
    ],
    [
        5896,
        6245
    ],
    [
        5897,
        6245
    ],
    [
        5898,
        6245
    ],
    [
        5899,
        6245
    ],
    [
        5900,
        6245
    ],
    [
        5901,
        6245
    ],
    [
        5902,
        6245
    ],
    [
        5903,
        6245
    ],
    [
        5904,
        6245
    ],
    [
        5905,
        6245
    ],
    [
        5906,
        6245
    ],
    [
        5907,
        6245
    ],
    [
        5908,
        6245
    ],
    [
        5909,
        6245
    ],
    [
        5910,
        6245
    ],
    [
        5911,
        6245
    ],
    [
        5912,
        6245
    ],
    [
        5913,
        6245
    ],
    [
        5914,
        6245
    ],
    [
        5915,
        6245
    ],
    [
        5916,
        6245
    ],
    [
        5917,
        6245
    ],
    [
        5918,
        6245
    ],
    [
        5919,
        6245
    ],
    [
        5920,
        6245
    ],
    [
        5921,
        6245
    ],
    [
        5922,
        6245
    ],
    [
        5923,
        6245
    ],
    [
        5924,
        6245
    ],
    [
        5925,
        6245
    ],
    [
        5926,
        6245
    ],
    [
        5927,
        6245
    ],
    [
        5928,
        6245
    ],
    [
        5929,
        6245
    ],
    [
        5930,
        6245
    ],
    [
        5931,
        6245
    ],
    [
        5932,
        6245
    ],
    [
        5933,
        6245
    ],
    [
        5934,
        6245
    ],
    [
        5935,
        6245
    ],
    [
        5936,
        6245
    ],
    [
        5937,
        6245
    ],
    [
        5938,
        6245
    ],
    [
        5939,
        6245
    ],
    [
        5940,
        6245
    ],
    [
        5941,
        6245
    ],
    [
        5942,
        6245
    ],
    [
        5943,
        6245
    ],
    [
        5944,
        6245
    ],
    [
        5945,
        6245
    ],
    [
        5946,
        6245
    ],
    [
        5947,
        6245
    ],
    [
        5948,
        6245
    ],
    [
        5949,
        6245
    ],
    [
        5950,
        6245
    ],
    [
        5951,
        6245
    ],
    [
        5952,
        6245
    ],
    [
        5953,
        6245
    ],
    [
        5954,
        6245
    ],
    [
        5955,
        6245
    ],
    [
        5956,
        6245
    ],
    [
        5957,
        6245
    ],
    [
        5958,
        6245
    ],
    [
        5959,
        6245
    ],
    [
        5960,
        6245
    ],
    [
        5961,
        6245
    ],
    [
        5962,
        6245
    ],
    [
        5963,
        6245
    ],
    [
        5964,
        6245
    ],
    [
        5965,
        6245
    ],
    [
        5966,
        6245
    ],
    [
        5967,
        6245
    ],
    [
        5968,
        6245
    ],
    [
        5969,
        6245
    ],
    [
        5970,
        6245
    ],
    [
        5971,
        6245
    ],
    [
        5972,
        6245
    ],
    [
        5973,
        6245
    ],
    [
        5974,
        6245
    ],
    [
        5975,
        6245
    ],
    [
        5976,
        6245
    ],
    [
        5977,
        6245
    ],
    [
        5978,
        6245
    ],
    [
        5979,
        6245
    ],
    [
        5980,
        6245
    ],
    [
        5981,
        6245
    ],
    [
        5982,
        6245
    ],
    [
        5983,
        6245
    ],
    [
        5984,
        6245
    ],
    [
        5985,
        6245
    ],
    [
        5986,
        6245
    ],
    [
        5987,
        6245
    ],
    [
        5988,
        6245
    ],
    [
        5989,
        6245
    ],
    [
        5990,
        6228
    ],
    [
        5991,
        6228
    ],
    [
        5992,
        6228
    ],
    [
        5993,
        6228
    ],
    [
        5994,
        6228
    ],
    [
        5995,
        6228
    ],
    [
        5996,
        6228
    ],
    [
        5997,
        6228
    ],
    [
        5998,
        6228
    ],
    [
        5999,
        6228
    ]
]